surname,strength,surname_clean
,5075,
'इकराम,1,इकराम
'प्रसाद,1,प्रसाद
'मांझी,1,मांझी
(5,1,
(॥0/8१,1,
),1,
*,25,
-अंसारी,10,अंसारी
-कुमार,2,कुमार
-प्रसाद,1,प्रसाद
-यादव,1,यादव
-राम,1,राम
-्मांझी,1,्मांझी
.सौकत,1,सौकत
0,3,
0.,1,
00सिंह,1,सिंह
0कुमार,3,कुमार
0डित,1,डित
0देवी,1,देवी
0पंडित,1,पंडित
0पासवान,1,पासवान
0प्रसाद,1,प्रसाद
0मांज्ञी,1,मांज्ञी
0मांझी,3,मांझी
0यादव,2,यादव
0रप्रसाद,2,रप्रसाद
0राजवंशी,1,राजवंशी
0ेकुमार,1,ेकुमार
0्रपसाद,1,्रपसाद
2,1,
2कुमार,1,कुमार
2चौधरी,1,चौधरी
50५97,1,
58!/800000५,1,
5990,2,
5॥५507,1,
800,1,
8857,1,
8908,1,
8प54,1,प
;अंसारी,1,अंसारी
;मिस्त्री,1,मिस्त्री
[पंडित,1,पंडित
[पासवान,1,पासवान
[प्रसाद,1,प्रसाद
]कुमार,1,कुमार
अ,1,अ
अ;नसरी,3,अनसरी
अँसरी,2,अँसरी
अंअसारी,1,अंअसारी
अंजर,1,अंजर
अंजाम,1,अंजाम
अंजार,6,अंजार
अंजुम,5,अंजुम
अंजू,1,अंजू
अंजूम,1,अंजूम
अंतिम,1,अंतिम
अंदुलीव,2,अंदुलीव
अंबाज,1,अंबाज
अंशारी,2,अंशारी
अंसर,1,अंसर
अंसरी,133,अंसरी
अंसार,7,अंसार
अंसारखान,1,अंसारखान
अंसारि,1,अंसारि
अंसारी,3224,अंसारी
अअब्दुल,1,अअब्दुल
अऊउडीन,1,अऊउडीन
अकबर,20,अकबर
अकबल,1,अकबल
अकबाल,7,अकबाल
अकरम,18,अकरम
अकलम,1,अकलम
अकवर,2,अकवर
अकवाल,4,अकवाल
अकिल,12,अकिल
अकीम,1,अकीम
अकील,12,अकील
अकुब,1,अकुब
अकेला,8,अकेला
अकैला,18,अकैला
अखतर,26,अखतर
अखत्र,1,अखत्र
अख़तर,2,अख़तर
अख़लाक़,1,अख़लाक़
अख्तर,170,अख्तर
अख्तार,12,अख्तार
अग्रज,1,अग्रज
अछालमगीर,1,अछालमगीर
अजनबी,2,अजनबी
अजनल,1,अजनल
अजनवी,1,अजनवी
अजम,1,अजम
अजमद,1,अजमद
अजमल,5,अजमल
अजमल्खं,1,अजमल्खं
अजय,5,अजय
अजहर,5,अजहर
अज़िया,1,अज़िया
अज़ीज़,15,अज़ीज़
अज़ीम,4,अज़ीम
अजांर,1,अजांर
अजाज़,1,अजाज़
अजाद,13,अजाद
अजान,1,अजान
अजानी,1,अजानी
अजाम,1,अजाम
अजार,2,अजार
अजिज,3,अजिज
अजिम,1,अजिम
अजीज,67,अजीज
अजीज़,1,अजीज़
अजीम,25,अजीम
अजीमउदीन,1,अजीमउदीन
अजुला,1,अजुला
अज्जू,1,अज्जू
अज्मुल,1,अज्मुल
अताउल्लाह,1,अताउल्लाह
अताउल्‍्ला,1,अताउल््ला
अतावुल,1,अतावुल
अतीक,2,अतीक
अत्ताउल्‍्लाह,1,अत्ताउल््लाह
अदालत,1,अदालत
अदीब,1,अदीब
अन,1,अन
अनजर,2,अनजर
अनज़र,1,अनज़र
अनजार,4,अनजार
अनद,1,अनद
अनबर,1,अनबर
अनल,4,अनल
अनवर,59,अनवर
अनवारूलवहक,1,अनवारूलवहक
अनवारूलहक,1,अनवारूलहक
अनसार,2,अनसार
अनसारी,16,अनसारी
अनस्ति,1,अनस्ति
अनिल,1,अनिल
अनिश,4,अनिश
अनिशर्खों,1,अनिशर्खों
अनिसुद्दीन,1,अनिसुद्दीन
अनीश,4,अनीश
अनीस,6,अनीस
अनुग्रह,1,अनुग्रह
अनुपम,1,अनुपम
अनुल,1,अनुल
अन्जर,1,अन्जर
अन्जार,4,अन्जार
अन्तर,1,अन्तर
अन्तार,1,अन्तार
अन्बर,1,अन्बर
अन्सम,1,अन्सम
अन्साररु,1,अन्साररु
अन्सारी,13,अन्सारी
अन्‍सारी,5,अन्सारी
अन्‍्सारी,23,अन््सारी
अफजल,19,अफजल
अफज़ल,2,अफज़ल
अफजाल,1,अफजाल
अफताब,7,अफताब
अफताबुल,1,अफताबुल
अफताव,1,अफताव
अफरोज,3,अफरोज
अफशर,1,अफशर
अफसर,7,अफसर
अफसार,1,अफसार
अफ़ज़ल,5,अफ़ज़ल
अबजल,1,अबजल
अबदिन,1,अबदिन
अबबास,1,अबबास
अबरार,2,अबरार
अबसस,1,अबसस
अबास,3,अबास
अबुजर,1,अबुजर
अबुतालीवृद्वीन,1,अबुतालीवृद्वीन
अबुल,4,अबुल
अबुसालेहतावे,1,अबुसालेहतावे
अबुहसन,1,अबुहसन
अबेदीन,1,अबेदीन
अब्जम,1,अब्जम
अब्दाअली,1,अब्दाअली
अब्दीन,7,अब्दीन
अब्दुल,5,अब्दुल
अब्दुल्ला,1,अब्दुल्ला
अब्दुल्लाह,4,अब्दुल्लाह
अब्दृदीन,1,अब्दृदीन
अब्बास,35,अब्बास
अब्बृतालिव,1,अब्बृतालिव
अब्राहिम,1,अब्राहिम
अब्वास,1,अब्वास
अभय,1,अभय
अभिषेक,2,अभिषेक
अमजद,5,अमजद
अमज़द,3,अमज़द
अमजाद,1,अमजाद
अमन,1,अमन
अमर,8,अमर
अमरेन्द्र,1,अमरेन्द्र
अमष्ट,4,अमष्ट
अमहात॑,1,अमहात॑
अमानुलाह,1,अमानुलाह
अमानुल्ला,1,अमानुल्ला
अमानुल्लाह,1,अमानुल्लाह
अमिन,4,अमिन
अमीन,15,अमीन
अमीनउदीन,1,अमीनउदीन
अमीम,1,अमीम
अमीर,3,अमीर
अम्मानुलाह,1,अम्मानुलाह
अम्लिक,1,अम्लिक
अयाज,4,अयाज
अयुब,15,अयुब
अयुबउधीन,1,अयुबउधीन
अयुव,1,अयुव
अयूब,17,अयूब
अयोध्यासाव,1,अयोध्यासाव
अय्याज,2,अय्याज
अय्याज़,1,अय्याज़
अय्यूब,1,अय्यूब
अरफत,1,अरफत
अरफान,1,अरफान
अरमान,26,अरमान
अरविंद,1,अरविंद
अरविन्द,2,अरविन्द
अरशद,9,अरशद
अरशाद,5,अरशाद
अरसद,4,अरसद
अरसाड,1,अरसाड
अरहाद,1,अरहाद
अरिम,1,अरिम
अरीफ,1,अरीफ
अरूण,1,अरूण
अरोज,1,अरोज
अर्नव,1,अर्नव
अलंम,1,अलंम
अलतमस,1,अलतमस
अलताफ,1,अलताफ
अलबेला,2,अलबेला
अलबैला,3,अलबैला
अलम,7,अलम
अलमगीर,5,अलमगीर
अलमद,1,अलमद
अलमास,1,अलमास
अलसम,2,अलसम
अलाउददीन,4,अलाउददीन
अलाउदीन,8,अलाउदीन
अलाउद्दीन,37,अलाउद्दीन
अलाउद्धीन,7,अलाउद्धीन
अलाउद्‌दी,1,अलाउद्दी
अलाद्धीन,1,अलाद्धीन
अलाम,2,अलाम
अलामं,1,अलामं
अलाम॑,2,अलाम॑
अलाल्म,2,अलाल्म
अलाह,1,अलाह
अलाहुदृदीन,1,अलाहुदृदीन
अलि,47,अलि
अलिखाँ,1,अलिखाँ
अलिजान,1,अलिजान
अली,1014,अली
अलीं,1,अलीं
अलीउदीन,1,अलीउदीन
अलीजान,1,अलीजान
अलीजानउद्दीन,1,अलीजानउद्दीन
अलीजौहर,1,अलीजौहर
अलीबक्श,1,अलीबक्श
अलीम,25,अलीम
अलीमुद्दीन,2,अलीमुद्दीन
अलीशेर,1,अलीशेर
अलौक,1,अलौक
अलौद्धीन,2,अलौद्धीन
अल्ताफ,1,अल्ताफ
अल्लम,1,अल्लम
अल्लाउददीन,1,अल्लाउददीन
अल्लाउदिंदन,2,अल्लाउदिंदन
अल्लाउदीन,4,अल्लाउदीन
अल्लाउद्ंदन,1,अल्लाउद्ंदन
अल्लाउद्दिन,1,अल्लाउद्दिन
अल्लाउद्दीन,4,अल्लाउद्दीन
अल्लाऊद्दीन,4,अल्लाऊद्दीन
अल्लाह,4,अल्लाह
अल्लाह.,1,अल्लाह
अल्लाहउद्दीन,1,अल्लाहउद्दीन
अल्ली,1,अल्ली
अल्लौदृदीन,3,अल्लौदृदीन
अल्हाउद्दीन,1,अल्हाउद्दीन
अल्हौद्दीन,2,अल्हौद्दीन
अल्‍्ला,1,अल््ला
अल्‍्लाउद्दीन,5,अल््लाउद्दीन
अल्‍्ली,2,अल््ली
अवतार,1,अवतार
अवदीन,2,अवदीन
अवदुल,1,अवदुल
अववास,1,अववास
अवादीन,1,अवादीन
अवास,3,अवास
अविद,3,अविद
अशकार,2,अशकार
अशन,2,अशन
अशफाक,4,अशफाक
अशरफ,21,अशरफ
अशलम,1,अशलम
अशलमर्खी,1,अशलमर्खी
अशीन,1,अशीन
अशोक,2,अशोक
अश्फाक,1,अश्फाक
असकर,1,असकर
असकार,4,असकार
असगर,46,असगर
असग़र,1,असग़र
असगार,2,असगार
असदक,1,असदक
असन,1,असन
असपाक,1,असपाक
असफहान,1,असफहान
असफाक,2,असफाक
असमान,1,असमान
असरथी,1,असरथी
असरफ,23,असरफ
असरफा,1,असरफा
असरी,1,असरी
असरुफ़,1,असरुफ़
असलम,172,असलम
असलम*,1,असलम
असलमर्खी,1,असलमर्खी
असलाम,2,असलाम
असांरी,5,असांरी
असारि,1,असारि
असारी,12,असारी
असीन,1,असीन
असीम,2,असीम
अस्तिक,1,अस्तिक
अस्लम,9,अस्लम
अहकद,1,अहकद
अहद,2,अहद
अहम,2,अहम
अहमउ,1,अहमउ
अहमद,1005,अहमद
अहमदूद,1,अहमदूद
अहम्मद,3,अहम्मद
अहम्मेद,3,अहम्मेद
अहया,1,अहया
अहसन,3,अहसन
अहसान,3,अहसान
अहिया,1,अहिया
अहुबब्द,1,अहुबब्द
अहेमद,4,अहेमद
अहैमद,6,अहैमद
अुहम्मद,1,अुहम्मद
आंसरी,1,आंसरी
आंसारी,3,आंसारी
आकाश,1,आकाश
आकिल,1,आकिल
आकीब,1,आकीब
आकुम,1,आकुम
आकुव,4,आकुव
आजम,30,आजम
आजमी,4,आजमी
आजर,1,आजर
आज़म,9,आज़म
आज़मी,3,आज़मी
आज़ाद,2,आज़ाद
आजाद,93,आजाद
आजिम,1,आजिम
आझमी,1,आझमी
आतिग,1,आतिग
आदिल,3,आदिल
आदील,1,आदील
आनंद,7,आनंद
आनन्द,12,आनन्द
आफताब,17,आफताब
आफताव,1,आफताव
आफरीदी,1,आफरीदी
आफ़रीदी,1,आफ़रीदी
आफ्टर,1,आफ्टर
आबदीन,7,आबदीन
आबास,1,आबास
आबिद,17,आबिद
आबीद,2,आबीद
आबीदन,1,आबीदन
आबीदीन,5,आबीदीन
आबेद,1,आबेद
आबेदिन,1,आबेदिन
आबेदीन,9,आबेदीन
आब्दीन,3,आब्दीन
आम,1,आम
आमिर,4,आमिर
आमीन,2,आमीन
आमीर,1,आमीर
आयातुल्लाह,1,आयातुल्लाह
आयुब,2,आयुब
आयूब,1,आयूब
आरजु,1,आरजु
आरजू,3,आरजू
आरफ़ीन,1,आरफ़ीन
आरफीन,1,आरफीन
आरा,3,आरा
आरिक,1,आरिक
आरिफ,42,आरिफ
आरिफ़,1,आरिफ़
आरिस,1,आरिस
आरी,1,आरी
आरीफ,7,आरीफ
आर्य,24,आर्य
आर्या,4,आर्या
आर्या.,2,आर्या
आलम,2905,आलम
आलमं,1,आलमं
आलमक,1,आलमक
आलमगिर,1,आलमगिर
आलमगीर,18,आलमगीर
आला,1,आला
आलाम,5,आलाम
आलाह,1,आलाह
आलिम,1,आलिम
आली,2,आली
आलीम,3,आलीम
आलों,1,आलों
आल्हा,1,आल्हा
आवदीन,7,आवदीन
आवदृदीन,1,आवदृदीन
आवास,1,आवास
आविद,5,आविद
आवीद,4,आवीद
आवेदिन,4,आवेदिन
आवेदीन,4,आवेदीन
आशान,1,आशान
आशिक,10,आशिक
आशिफ,2,आशिफ
आशिम,2,आशिम
आशीक,3,आशीक
आशीन,3,आशीन
आसिक,8,आसिक
आसिन,4,आसिन
आसिफ,8,आसिफ
आसिम,2,आसिम
आसीक,1,आसीक
आसीन,18,आसीन
आसीफ,2,आसीफ
आसीम,1,आसीम
आस्तिक,4,आस्तिक
आस्लम,1,आस्लम
इंतेखाब,1,इंतेखाब
इकबाल,31,इकबाल
इकराम,4,इकराम
इकवाल,5,इकवाल
इक़बाल,22,इक़बाल
इक्राम,2,इक्राम
इक्वल,1,इक्वल
इक्‌7वाल,1,इक्वाल
इखलाक,2,इखलाक
इखलाख,1,इखलाख
इखलास,1,इखलास
इजराइल,1,इजराइल
इजहार,15,इजहार
इज़त,1,इज़त
इज़हार,3,इज़हार
इजाहर,1,इजाहर
इतमिनान,1,इतमिनान
इदरिल,2,इदरिल
इदरिश,1,इदरिश
इदरिस,4,इदरिस
इदरीश,33,इदरीश
इदरीस,21,इदरीस
इद्रिश,4,इद्रिश
इद्रिस,1,इद्रिस
इद्रीश,1,इद्रीश
इद्रीस,5,इद्रीस
इनतियाज,1,इनतियाज
इनाम,10,इनाम
इनामुल,1,इनामुल
इनामूल,1,इनामूल
इन्द्रीश,1,इन्द्रीश
इफतेखार,2,इफतेखार
इफतेहशाम,1,इफतेहशाम
इफतैवार,1,इफतैवार
इफर्तर,2,इफर्तर
इफर्तेंखर,1,इफर्तेंखर
इफ़तेख़ार,1,इफ़तेख़ार
इफ़तैख़ार,1,इफ़तैख़ार
इफेतखार,1,इफेतखार
इफ्तेखार,2,इफ्तेखार
इफ्तेखेर,1,इफ्तेखेर
इबरहीम,1,इबरहीम
इबरा,1,इबरा
इबराइल,1,इबराइल
इबरायल,1,इबरायल
इबरार,36,इबरार
इबराहिम,2,इबराहिम
इबारहिम,1,इबारहिम
इब्ररार,1,इब्ररार
इब्रहिम,1,इब्रहिम
इब्राइल,1,इब्राइल
इब्राहिम,11,इब्राहिम
इब्राहीम,22,इब्राहीम
इमतियाज,6,इमतियाज
इमतेआज,1,इमतेआज
इमतेयाज,1,इमतेयाज
इमतैयाज,1,इमतैयाज
इमत्याज,2,इमत्याज
इमरान,24,इमरान
इमरार,1,इमरार
इमाद,1,इमाद
इमाम,25,इमाम
इमामन,1,इमामन
इमार,3,इमार
इम्जेयज,1,इम्जेयज
इम्तयाज,1,इम्तयाज
इम्तायज,1,इम्तायज
इम्तियाज,13,इम्तियाज
इम्तियाज़,9,इम्तियाज़
इम्तीयाज,1,इम्तीयाज
इम्तेयाज,12,इम्तेयाज
इम्तेयाज़,2,इम्तेयाज़
इया,1,इया
इयूफ,1,इयूफ
इरकी,1,इरकी
इरफ़ान,30,इरफ़ान
इरफान,17,इरफान
इरशाद,14,इरशाद
इरसा,2,इरसा
इरसाद,9,इरसाद
इराकी,9,इराकी
इरुलम,1,इरुलम
इर्म0ेतयाज,1,इर्मेतयाज
इलताफ,8,इलताफ
इलयास,17,इलयास
इलाम,1,इलाम
इलाही,1,इलाही
इलियास,35,इलियास
इलीयास,2,इलीयास
इल्ताफ,1,इल्ताफ
इल्ताफ़,1,इल्ताफ़
इल्ताब,1,इल्ताब
इल्यांस,1,इल्यांस
इल्यास,6,इल्यास
इल्यिस,3,इल्यिस
इवरार,3,इवरार
इवराहिम,1,इवराहिम
इवारार,2,इवारार
इशक,2,इशक
इशफ़ाक़,1,इशफ़ाक़
इशफाक,1,इशफाक
इशमाईल,1,इशमाईल
इशरत,4,इशरत
इशराईल,4,इशराईल
इशरायल,1,इशरायल
इशरार,2,इशरार
इशहाक,1,इशहाक
इशहाक़,2,इशहाक़
इशहार,1,इशहार
इशाक,3,इशाक
इशुक,3,इशुक
इश्तियाक,1,इश्तियाक
इश्तैयाक,2,इश्तैयाक
इश्रयल,1,इश्रयल
इश्लम,1,इश्लम
इश्हाक,1,इश्हाक
इसतयाक,2,इसतयाक
इसताक,1,इसताक
इसतियाक,2,इसतियाक
इसतेखार,1,इसतेखार
इसद,1,इसद
इसदा,2,इसदा
इसफाक,2,इसफाक
इसमाइल,3,इसमाइल
इसमाईल,9,इसमाईल
इसरत,1,इसरत
इसरफिल,2,इसरफिल
इसरफील,1,इसरफील
इसराइल,53,इसराइल
इसराईल,31,इसराईल
इसराफिल,10,इसराफिल
इसराफील,5,इसराफील
इसरायल,15,इसरायल
इसरायाल,1,इसरायाल
इसरार,2,इसरार
इसराल,2,इसराल
इसलम,1,इसलम
इसलमाहक,1,इसलमाहक
इसलाम,43,इसलाम
इसलामउदृदीन,1,इसलामउदृदीन
इसहाक,26,इसहाक
इसहाक़,1,इसहाक़
इसा,2,इसा
इसाक,5,इसाक
इसाक़,1,इसाक़
इसाख,2,इसाख
इसाय्क,1,इसाय्क
इसितयाक,1,इसितयाक
इसूफ,2,इसूफ
इस्तयाक,2,इस्तयाक
इस्ताक,1,इस्ताक
इस्तायक,1,इस्तायक
इस्तियाक,15,इस्तियाक
इस्तियाक़,2,इस्तियाक़
इस्तेखर,1,इस्तेखर
इस्तेखार,3,इस्तेखार
इस्तेपाक,1,इस्तेपाक
इस्तेमाल,1,इस्तेमाल
इस्तेयाक,9,इस्तेयाक
इस्तेयाक़र,2,इस्तेयाक़र
इस्तेयाक्,1,इस्तेयाक्
इस्फाक,1,इस्फाक
इस्माइल,16,इस्माइल
इस्माईल,2,इस्माईल
इस्मिल,1,इस्मिल
इस्रयल,2,इस्रयल
इस्रल,1,इस्रल
इस्राइल,4,इस्राइल
इस्राफिल,1,इस्राफिल
इस्राफील,1,इस्राफील
इस्रायल,2,इस्रायल
इस्लाम,50,इस्लाम
ईकबाल,1,ईकबाल
ईदरीश,1,ईदरीश
ईनाम,1,ईनाम
ईमरान,2,ईमरान
ईमाम,8,ईमाम
ईरशाद,1,ईरशाद
ईलयाश,1,ईलयाश
ईलयास,1,ईलयास
ईलियास,1,ईलियास
ईल्यास,2,ईल्यास
ईवरार,1,ईवरार
ईशराईल,2,ईशराईल
ईशा,2,ईशा
ईशान,1,ईशान
ईसफाक,1,ईसफाक
ईसबइल,1,ईसबइल
ईसमाईल,3,ईसमाईल
ईसर,1,ईसर
ईसराइल,7,ईसराइल
ईसराईल,5,ईसराईल
ईसराफिल,1,ईसराफिल
ईसरायल,1,ईसरायल
ईसलाम,6,ईसलाम
ईसा,4,ईसा
ईसाक,1,ईसाक
ईसार,1,ईसार
ईस्लाम,1,ईस्लाम
उ,2,उ
उईददीन,1,उईददीन
उग्र,4,उग्र
उज़मा,1,उज़मा
उज्जम,2,उज्जम
उठा,1,उठा
उड़ीं,1,उड़ीं
उददीन,67,उददीन
उददृदीन,1,उददृदीन
उदरीश,1,उदरीश
उदिदन,5,उदिदन
उदिदमं,1,उदिदमं
उदिदिन,1,उदिदिन
उदिन,27,उदिन
उदीन,1223,उदीन
उदीप,1,उदीप
उदृदीन,1,उदृदीन
उद्घीन,20,उद्घीन
उद्दाम,1,उद्दाम
उद्दिउन,1,उद्दिउन
उद्दिन,2,उद्दिन
उद्दी,1,उद्दी
उद्दीज,1,उद्दीज
उद्दीन,2185,उद्दीन
उद्दीन1,1,उद्दीन
उद्दीन],1,उद्दीन
उद्दीप,2,उद्दीप
उद्दीम,1,उद्दीम
उद्दौला,1,उद्दौला
उद्धिन,4,उद्धिन
उद्धीन,122,उद्धीन
उद्बीन,14,उद्बीन
उद्यीन,10,उद्यीन
उद्यीम,1,उद्यीम
उद्रीन,1,उद्रीन
उद्विन,2,उद्विन
उद्वीन,2,उद्वीन
उद्िन,1,उद्िन
उद्ीन,2,उद्ीन
उधीन,6,उधीन
उपध्याय,1,उपध्याय
उपाध्याय,33,उपाध्याय
उफउद्दीन,1,उफउद्दीन
उफ्तखार,1,उफ्तखार
उब्दीन,1,उब्दीन
उमर,31,उमर
उमरददीन,1,उमरददीन
उमरदराज,1,उमरदराज
उमरहेयात,2,उमरहेयात
उमा,1,उमा
उम्र,1,उम्र
उम्रदराज,3,उम्रदराज
उरीन,1,उरीन
उलला,3,उलला
उलल्हा,1,उलल्हा
उलह,5,उलह
उलाह,4,उलाह
उल्टन,1,उल्टन
उल्फत,1,उल्फत
उल्ल,1,उल्ल
उल्लः,1,उल्लः
उल्लह,4,उल्लह
उल्ला,8,उल्ला
उल्लाह,32,उल्लाह
उल्‍्ला,2,उल््ला
उल्‍्लाह,4,उल््लाह
उषा,1,उषा
उष्माण,2,उष्माण
उष्मान,5,उष्मान
उसमान,21,उसमान
उसमानी,2,उसमानी
उसमाल,1,उसमाल
उसाव,1,उसाव
उसेव,1,उसेव
उस्ताप,1,उस्ताप
उस्मान,28,उस्मान
उस्रमसह,1,उस्रमसह
उीन,1,उीन
उ्दिदह,1,उ्दिदह
उ्दिदिह,1,उ्दिदिह
ऊदृदीन,1,ऊदृदीन
ऊर्मयर,1,ऊर्मयर
ऋषि,4,ऋषि
एँए,1,एँए
एकबाल,14,एकबाल
एकराम,20,एकराम
एकरामा,2,एकरामा
एकरामुलहक,1,एकरामुलहक
एकवार,1,एकवार
एकवाल,9,एकवाल
एक्राम,1,एक्राम
एक्रामल,1,एक्रामल
एक्वाल,1,एक्वाल
एखलाक,7,एखलाक
एखलाख,2,एखलाख
एचौधरी,1,एचौधरी
एजाज,7,एजाज
एजाज़,2,एजाज़
एतांती,1,एतांती
एनाबमॉल,1,एनाबमॉल
एनामउलहक,1,एनामउलहक
एनुन,1,एनुन
एनुल,5,एनुल
एनुस,1,एनुस
एन्तेशाम,1,एन्तेशाम
एपंडित,3,एपंडित
एपू्मांझी,1,एपू्मांझी
एफ,2,एफ
एफरोश,1,एफरोश
एम,2,एम
एमंडल,1,एमंडल
एमहतो,1,एमहतो
एमांझी,5,एमांझी
एमिश्र,1,एमिश्र
एमुनल,1,एमुनल
एमुल,1,एमुल
एम्तैयाज़,1,एम्तैयाज़
एयुब,1,एयुब
एरपसाद,1,एरपसाद
एरप्रसाद,13,एरप्रसाद
एरमांझञी,1,एरमांझञी
एरराम,1,एरराम
एरशाद,2,एरशाद
एराकी,4,एराकी
एराज,1,एराज
एल्ताफ़,1,एल्ताफ़
एल्‍मा,1,एल्मा
एविश्वकर्मा,1,एविश्वकर्मा
एसतेखार,1,एसतेखार
एसराम,1,एसराम
एसिंह,3,एसिंह
एसिह,1,एसिह
एस्तियाक,1,एस्तियाक
एहतेशाम,6,एहतेशाम
एहराब,1,एहराब
एहशान,2,एहशान
एहसान,20,एहसान
एहसाव,1,एहसाव
एुकुमार,1,एुकुमार
एुकैवट,1,एुकैवट
एुचौधरी,1,एुचौधरी
एुपुद्धीन,1,एुपुद्धीन
एुमांझी,2,एुमांझी
एुमियाँ,1,एुमियाँ
एुमिस्त्री,2,एुमिस्त्री
एुरसिंह,1,एुरसिंह
एुसिंह,3,एुसिंह
एुसुघरी,1,एुसुघरी
एु्मॉझ्नी,1,एु्मॉझ्नी
एूमांझी,3,एूमांझी
एूसमान,1,एूसमान
एृपांडेय,1,एृपांडेय
एृमांझी,3,एृमांझी
ए्चौधरी,1,ए्चौधरी
ए्रमहतो,1,ए्रमहतो
ए्रमांझी,1,ए्रमांझी
ए्रराम,3,ए्रराम
ए्रिबहारी,1,ए्रिबहारी
ऐ,1,ऐ
ऐँम,1,ऐँम
ऐखलाक,1,ऐखलाक
ऐजाज,1,ऐजाज
ऐनुल,11,ऐनुल
ऐनुलहक,4,ऐनुलहक
ऐपाण्डेय,1,ऐपाण्डेय
ऐप्रसाद,1,ऐप्रसाद
ऐम,1,ऐम
ऐयाज,1,ऐयाज
ऐयाज़,1,ऐयाज़
ऐयुब,1,ऐयुब
ऐयूब,2,ऐयूब
ऐराकी,1,ऐराकी
ऐेमहतौ,1,ऐेमहतौ
ऐेशर्मा,1,ऐेशर्मा
ऑनद,1,ऑनद
ओसिम,1,ओसिम
औनुल,1,औनुल
औया,1,औया
औरंगज़ेब,1,औरंगज़ेब
औरंगजेब,5,औरंगजेब
औली,1,औली
औहाव,2,औहाव
क?युम,1,कयुम
कंचन,1,कंचन
कंसारी,1,कंसारी
कईयुम,1,कईयुम
ककुमार,2,ककुमार
कचहरी,1,कचहरी
कदरी,1,कदरी
कदीर,1,कदीर
कन्दु,1,कन्दु
कन्हैया,2,कन्हैया
कपूर,2,कपूर
कफ,1,कफ
कबि,1,कबि
कबीर,7,कबीर
कबीरदउदृदीन,1,कबीरदउदृदीन
कम,1,कम
कमनुजामा,1,कमनुजामा
कमर,6,कमर
कमरबदुदीन,3,कमरबदुदीन
कमरुजमा,1,कमरुजमा
कमरुदीन,2,कमरुदीन
कमरुदुदीन,17,कमरुदुदीन
कमरुदृदीन,3,कमरुदृदीन
कमरुद्दीन,1,कमरुद्दीन
कमरू,1,कमरू
कमरूउद्दीन,2,कमरूउद्दीन
कमरूजजमा,1,कमरूजजमा
कमरूददीन,1,कमरूददीन
कमरूदीन,15,कमरूदीन
कमरूदृदीन,8,कमरूदृदीन
कमल,29,कमल
कमलेश,4,कमलेश
कमार,12,कमार
कमाल,28,कमाल
कमालउदीन,1,कमालउदीन
कमालउद्दीन,3,कमालउद्दीन
कमालुददीन,1,कमालुददीन
कमालुद्दीन,1,कमालुद्दीन
कमील,1,कमील
कम्रूदीन,1,कम्रूदीन
कयुब,1,कयुब
कयुम,12,कयुम
कयूम,13,कयूम
कय्यूम,2,कय्यूम
कर,1,कर
करण,1,करण
करम,1,करम
करीम,36,करीम
करुज्जम,1,करुज्जम
करूजजमा,1,करूजजमा
कर्ण,1,कर्ण
कर्मा,51,कर्मा
कर्मा.,3,कर्मा
कलम,8,कलम
कललु,3,कललु
कलाम,64,कलाम
कलामुद्दीन,1,कलामुद्दीन
कलाल,1,कलाल
कलि,1,कलि
कलिम,1,कलिम
कलीफा,1,कलीफा
कलीम,68,कलीम
कलीमउद्दीन,1,कलीमउद्दीन
कलू,1,कलू
कलोम,1,कलोम
कवर,11,कवर
कवि,1,कवि
कवीर,2,कवीर
कवेत,2,कवेत
कश्यप,9,कश्यप
कसार,1,कसार
कसीन,1,कसीन
कसीम,1,कसीम
कस्यप,1,कस्यप
कहाना,1,कहाना
कहार,11,कहार
कांत,5,कांत
कांदु,1,कांदु
काइम,1,काइम
काजमी,2,काजमी
काज़ीम,1,काज़ीम
काजिम,2,काजिम
काजीम,1,काजीम
कादरी,13,कादरी
कादिर,3,कादिर
कादिरी,1,कादिरी
कादीरी,1,कादीरी
कान्त,10,कान्त
कान्दु,6,कान्दु
कान्दुदू,1,कान्दुदू
कान्दू,14,कान्दू
कामेश्वर,1,कामेश्वर
कारूमलीक,1,कारूमलीक
कालिम,2,कालिम
कावट,1,कावट
काशीचक,1,काशीचक
काशीम,4,काशीम
काश्पैय,1,काश्पैय
काश्यपेय,1,काश्यपेय
कासमी,7,कासमी
कासिम,20,कासिम
कासीम,28,कासीम
काहन,1,काहन
काहार,1,काहार
काहौरासिया,1,काहौरासिया
किरकु,2,किरकु
किशन,1,किशन
किशोर,61,किशोर
किशोरप्रसाद,1,किशोरप्रसाद
किशौर,2,किशौर
किसकु,5,किसकु
किसरसिंह,1,किसरसिंह
किसान,3,किसान
किस्कू,7,किस्कू
किस्त्री,1,किस्त्री
कील,1,कील
कीलो,1,कीलो
कु,1,कु
कुँसिम,1,कुँसिम
कुंजड़ा,2,कुंजड़ा
कुंजरा,6,कुंजरा
कुंड,1,कुंड
कुंदन,2,कुंदन
कुंमार,1,कुंमार
कुंर,3,कुंर
कुंवर,2,कुंवर
कुइमर,1,कुइमर
कुक्मर,2,कुक्मर
कुगुप्ता,1,कुगुप्ता
कुछुमार,5,कुछुमार
कुजज,1,कुजज
कुट्स,2,कुट्स
कुठुमार,3,कुठुमार
कुडंल,1,कुडंल
कुणाल,3,कुणाल
कुददुस,1,कुददुस
कुदमार,6,कुदमार
कुदरत,9,कुदरत
कुदुदुश,4,कुदुदुश
कुदुम,1,कुदुम
कुदुमार,2,कुदुमार
कुदुश,9,कुदुश
कुदुस,10,कुदुस
कुदूस,4,कुदूस
कुदृदुस,1,कुदृदुस
कुद्दुश,1,कुद्दुश
कुद्दुस,5,कुद्दुस
कुद्मार,1,कुद्मार
कुन्दन,1,कुन्दन
कुपुमार,1,कुपुमार
कुब,1,कुब
कुबैन,1,कुबैन
कुमर,25,कुमर
कुमरा,2,कुमरा
कुमर्व,1,कुमर्व
कुमा,4,कुमा
कुमामर,1,कुमामर
कुमार,17746,कुमार
कुमारयादव,1,कुमारयादव
कुमारसिन्हा,1,कुमारसिन्हा
कुमारह,1,कुमारह
कुमारी,25,कुमारी
कुमारु,1,कुमारु
कुमार्‌,1,कुमार्
कुम्नर,1,कुम्नर
कुम्हार,6,कुम्हार
कुयाम्र,1,कुयाम्र
कुर,1,कुर
कुरवान,2,कुरवान
कुरान,1,कुरान
कुरेशी,1,कुरेशी
कुरेसी,1,कुरेसी
कुरैठैसी,1,कुरैठैसी
कुरैशी,9,कुरैशी
कुरैसी,10,कुरैसी
कुर्बान,5,कुर्बान
कुर्मी,1,कुर्मी
कुर्वान,1,कुर्वान
कुर्शी,1,कुर्शी
कुवार्या,1,कुवार्या
कुवेट,1,कुवेट
कुश,1,कुश
कुशबाहा,5,कुशबाहा
कुशमकार,1,कुशमकार
कुशयुम,1,कुशयुम
कुशवाह,2,कुशवाह
कुशवाहा,136,कुशवाहा
कुश्यूम,1,कुश्यूम
कुष्दास,1,कुष्दास
कुसमाकर,1,कुसमाकर
कुसाव,1,कुसाव
कुसुम,1,कुसुम
कुहुद,1,कुहुद
कु०सिंह,1,कुसिंह
कूमार,2,कूमार
कृदुमार,1,कृदुमार
कृमार,22,कृमार
कृयूम,1,कृयूम
कृशयुम,5,कृशयुम
कृष्ण,4,कृष्ण
कृष्णा,2,कृष्णा
के,1,के
केबट,1,केबट
केवट,178,केवट
केवत,12,केवत
केवर,7,केवर
केवर्त,1,केवर्त
केवार,1,केवार
केवेट,1,केवेट
केश,1,केश
केशर,1,केशर
केशरी,3,केशरी
केशव,1,केशव
केसरी,2,केसरी
कैयुम,22,कैयुम
कैयूम,9,कैयूम
कैय्युम,1,कैय्युम
कैलाश,1,कैलाश
कैवंट,1,कैवंट
कैवट,208,कैवट
कैवत,39,कैवत
कैवर,3,कैवर
कैवार्र,1,कैवार्र
कैश,2,कैश
कैशर,1,कैशर
कैस,3,कैस
कैसर,13,कैसर
कैसरी,2,कैसरी
कॉत,1,कॉत
कोयरी,1,कोयरी
कोयुम,1,कोयुम
कोरशी,6,कोरशी
कोरेशी,1,कोरेशी
कोरैशी,7,कोरैशी
कोरैसी,4,कोरैसी
कोसर,2,कोसर
कौकिल,1,कौकिल
कौयुम,3,कौयुम
कौरशी,1,कौरशी
कौशर,11,कौशर
कौशल,2,कौशल
कौशलेन्द्र,1,कौशलेन्द्र
कौशिक,2,कौशिक
कौशिर,1,कौशिर
कौसर,11,कौसर
कौसिक,1,कौसिक
क्यास,1,क्यास
क्युम,4,क्युम
क्यूम,19,क्यूम
क्रमर,1,क्रमर
क्रमरुदूदीन,2,क्रमरुदूदीन
क्रयूम,1,क्रयूम
क्रय्यूम,5,क्रय्यूम
क्रादरी,3,क्रादरी
क्रादिर,1,क्रादिर
क्रीम,2,क्रीम
क्रैयूम,2,क्रैयूम
क्रैसर,1,क्रैसर
क्ुइयाम,1,क्ुइयाम
क्ुदुस,1,क्ुदुस
क्ुरेशी,1,क्ुरेशी
क्‌7यूम,1,क्यूम
क्‌?युम,1,क्युम
क्‌?यूम,2,क्यूम
ख,1,ख
खँ,4,खँ
खं,2,खं
खजीज,1,खजीज
खदीन,1,खदीन
खन,1,खन
खना,1,खना
खन्ना,1,खन्ना
खयाम,2,खयाम
खलिफा,45,खलिफा
खलिल,1,खलिल
खलीक,1,खलीक
खलीना,1,खलीना
खलीफ,2,खलीफ
खलीफा,19,खलीफा
खलीम,1,खलीम
खलील,47,खलील
खलीलउद्‌दीन,1,खलीलउद्दीन
खल्लाक,2,खल्लाक
खल्लीक,1,खल्लीक
खल्‍्लाह,1,खल््लाह
ख़लील,1,ख़लील
ख़ातुन,19,ख़ातुन
खा,440,खा
खाँ,2102,खाँ
खाँ.,3,खाँ
खाँ1,1,खाँ
खाँठि,1,खाँठि
खां,749,खां
खाऊन,2,खाऊन
खाएं,1,खाएं
खाजा,2,खाजा
खाजेनुर,4,खाजेनुर
खातुन,72,खातुन
खातून,89,खातून
खादिम,1,खादिम
खान,2297,खान
खान',1,खान
खानम,1,खानम
खानी,2,खानी
खाल,1,खाल
खालिद,8,खालिद
खालीक,3,खालीक
खालीद,3,खालीद
खालीप,1,खालीप
खालीफ,3,खालीफ
खि्मिस्त्री,1,खि्मिस्त्री
खीँ,7,खीँ
खीं,6,खीं
खुदाबक्श,1,खुदाबक्श
खुदाबश,1,खुदाबश
खुदुश,1,खुदुश
खुरशीद,5,खुरशीद
खुरसीदआलम,2,खुरसीदआलम
खुर्शीद,16,खुर्शीद
खुशीद,1,खुशीद
खें,3,खें
खेर,4,खेर
खेलावन,1,खेलावन
खैर,29,खैर
खैरी,2,खैरी
खैरुल,1,खैरुल
खॉउ,2,खॉउ
खो,10,खो
खोँ,1,खोँ
खों,2,खों
ख्वादी,1,ख्वादी
ख्वानी,1,ख्वानी
गढ़ा,1,गढ़ा
गणी,6,गणी
गदीम,1,गदीम
गनि,1,गनि
गनी,67,गनी
गन्‍नी,2,गन्नी
गप्फार,1,गप्फार
गफफार,5,गफफार
गफफ्र,1,गफफ्र
गफर,1,गफर
गफ़ार,2,गफ़ार
गफ़ूर,1,गफ़ूर
गफ़्फ़ार,1,गफ़्फ़ार
गफार,35,गफार
गफुफार,6,गफुफार
गफुर,21,गफुर
गफूर,26,गफूर
गफ्फार,17,गफ्फार
गफ्फुर,2,गफ्फुर
गब्बर,1,गब्बर
गयाश,2,गयाश
गयास,1,गयास
गयासउदीन,2,गयासउदीन
गयासउद्दीन,1,गयासउद्दीन
गयासमलिक,1,गयासमलिक
गराय,1,गराय
गवास्कर,1,गवास्कर
गसिम,1,गसिम
गसीम,1,गसीम
गहुकर,1,गहुकर
ग़फ़ूर,1,ग़फ़ूर
गाँधी,2,गाँधी
गांधी,1,गांधी
गाणी,4,गाणी
गासिम,2,गासिम
गासीम,1,गासीम
गिनी,1,गिनी
गिर,9,गिर
गिराज,3,गिराज
गिरि,4,गिरि
गिरी,89,गिरी
गिर्सलम,1,गिर्सलम
गिलानी,7,गिलानी
गीर,5,गीर
गीरी,1,गीरी
गीलानी,2,गीलानी
गुड़्डू,1,गुड़्डू
गुड्डू,4,गुड्डू
गुड्धू,1,गुड्धू
गुपता,1,गुपता
गुप्त,4,गुप्त
गुप्ता,355,गुप्ता
गुफरान,5,गुफरान
गुल,1,गुल
गुलजार,3,गुलजार
गुलसन,1,गुलसन
गुलाब,2,गुलाब
गुलाम,13,गुलाम
गेराई,1,गेराई
गैयाश,1,गैयाश
गैयास,2,गैयास
गैयासुद्दीन,1,गैयासुद्दीन
गैराई,9,गैराई
गो,1,गो
गोप,184,गोप
गोपाल,3,गोपाल
गोपी,1,गोपी
गोबिन,1,गोबिन
गोला,3,गोला
गोल्डन,2,गोल्डन
गोसाइ,1,गोसाइ
गोसाई,12,गोसाई
गोसाईं,4,गोसाईं
गोस्व,1,गोस्व
गोस्वमी,5,गोस्वमी
गोस्वामी,75,गोस्वामी
गोस्व्वामी,2,गोस्व्वामी
गौतम,6,गौतम
गौतमेन्द्र,1,गौतमेन्द्र
गौरब,1,गौरब
गौरव,22,गौरव
गौश,1,गौश
गौस,2,गौस
गौसवामी,1,गौसवामी
गौस्वामी,34,गौस्वामी
ग्फुर,1,ग्फुर
ग्यादव,1,ग्यादव
ग्यास,12,ग्यास
ग्यासउद्दीन,1,ग्यासउद्दीन
ग्यासुद्दीन,1,ग्यासुद्दीन
ग्रादव,1,ग्रादव
ग्वादव,1,ग्वादव
ग्ू,1,ग्ू
घटवार,21,घटवार
घाछालम,1,घाछालम
घोबी,9,घोबी
घोवी,2,घोवी
घोष,1,घोष
चंद,7,चंद
चंदन,1,चंदन
चंदराम,1,चंदराम
चंदु,2,चंदु
चंदू,4,चंदू
चंद्र,1,चंद्र
चंद्रवंशी,2,चंद्रवंशी
चंद्रिका,1,चंद्रिका
चकऊचन,1,चकऊचन
चकवर्ती,1,चकवर्ती
चकोर,1,चकोर
चकौर,4,चकौर
चक्रवती,3,चक्रवती
चक्रवर्ती,16,चक्रवर्ती
चक्रवाती,1,चक्रवाती
चघरी,3,चघरी
चन्द,3,चन्द
चन्दन,3,चन्दन
चन्दर्वशी,1,चन्दर्वशी
चन्दू,3,चन्दू
चन्द्र,16,चन्द्र
चन्द्रकान्त,1,चन्द्रकान्त
चन्द्रवंशी,4,चन्द्रवंशी
चन्द्रवाशी,1,चन्द्रवाशी
चन्द्रसाव,1,चन्द्रसाव
चन्द्रहास्य,1,चन्द्रहास्य
चन्द्रा,2,चन्द्रा
चमारी,2,चमारी
चरण,4,चरण
चरसिया,1,चरसिया
चाँद,13,चाँद
चांद,5,चांद
चाएँधरी,1,चाएँधरी
चाघरी,1,चाघरी
चादव,1,चादव
चाहोन,1,चाहोन
चुअसिया,1,चुअसिया
चुघ्री,2,चुघ्री
चुडीफरोस,2,चुडीफरोस
चुदिफ्रिसोह,1,चुदिफ्रिसोह
चुदिफ्रोश,2,चुदिफ्रोश
चुधरी,1,चुधरी
चुधारी,1,चुधारी
चुनु,1,चुनु
चुरिफरोश,1,चुरिफरोश
चुल्हन,1,चुल्हन
चुल्हनर,1,चुल्हनर
चुहान,1,चुहान
चूड़ीफरोश,1,चूड़ीफरोश
चूडीफरोश,1,चूडीफरोश
चूल्हे,1,चूल्हे
चैघरी,1,चैघरी
चैधरी,2,चैधरी
चैधुरी,1,चैधुरी
चैरसिया,1,चैरसिया
चॉद,1,चॉद
चोएँघरी,5,चोएँघरी
चोएँधरी,4,चोएँधरी
चोएैधघरी,1,चोएैधघरी
चोएैधरी,2,चोएैधरी
चोघरी,13,चोघरी
चोठैघरी,2,चोठैघरी
चोठैरसिया,1,चोठैरसिया
चोधरी,22,चोधरी
चोरसिया,3,चोरसिया
चोरसीया,1,चोरसीया
चोरासिया,1,चोरासिया
चोहान,4,चोहान
चो०,1,चो
चौ,1,चौ
चौंघरी,1,चौंघरी
चौघर,4,चौघर
चौघरी,758,चौघरी
चौघरी',2,चौघरी
चौघुरी,2,चौघुरी
चौचंद,2,चौचंद
चौच्हन,2,चौच्हन
चौठान,1,चौठान
चौढान,1,चौढान
चौदरी,8,चौदरी
चौदरेय,1,चौदरेय
चौदहरी,4,चौदहरी
चौदही,3,चौदही
चौदारू,1,चौदारू
चौधग्री,1,चौधग्री
चौधन,3,चौधन
चौधरी,7739,चौधरी
चौधरीएं,1,चौधरीएं
चौधरीएु,1,चौधरीएु
चौधरीश,1,चौधरीश
चौधारी,7,चौधारी
चौधिरी,1,चौधिरी
चौधुरी,1,चौधुरी
चौधोरी,3,चौधोरी
चौबे,5,चौबे
चौरशिया,2,चौरशिया
चौरसया,2,चौरसया
चौरसिया,595,चौरसिया
चौरसियाठि,1,चौरसियाठि
चौरसीया,28,चौरसीया
चौराशिया,4,चौराशिया
चौरासिया,4,चौरासिया
चौरिसया,1,चौरिसया
चौरिसिया,3,चौरिसिया
चौरीया,1,चौरीया
चौसरिया,1,चौसरिया
चौहंफ़,1,चौहंफ़
चौहन,11,चौहन
चौहा,6,चौहा
चौहान,3378,चौहान
चौहार,1,चौहार
चौहाल,1,चौहाल
छकुमार,1,छकुमार
छकेठयुम,1,छकेठयुम
छगुप्ता,1,छगुप्ता
छठाकुर,1,छठाकुर
छान्ति,1,छान्ति
छाम,1,छाम
छासम,1,छासम
छासाव,1,छासाव
छि0',1,छि
छिएमस्त्री,1,छिएमस्त्री
छिएसंन्हा,1,छिएसंन्हा
छिएसंह,2,छिएसंह
छिएसत्रह,1,छिएसत्रह
छिएसह,3,छिएसह
छितु,1,छितु
छु,1,छु
छुअलि,1,छुअलि
छुआलम,1,छुआलम
छुउदीन,1,छुउदीन
छुउद्दीन,1,छुउद्दीन
छुकुमार,9,छुकुमार
छुचौघरी,1,छुचौघरी
छुचौधरी,1,छुचौधरी
छुपाण्डेय,1,छुपाण्डेय
छुप्रसाद,5,छुप्रसाद
छुबारिफ,1,छुबारिफ
छुमहतों,1,छुमहतों
छुमार,1,छुमार
छुमियां,1,छुमियां
छुयादव,4,छुयादव
छुराउत,1,छुराउत
छुराम,1,छुराम
छुलाल,1,छुलाल
छुशर्मा,1,छुशर्मा
छुसाव,2,छुसाव
छुसिंह,2,छुसिंह
छुहुसैन,1,छुहुसैन
छेकुमार,3,छेकुमार
छेकृदुमार,1,छेकृदुमार
छेमहतों,1,छेमहतों
छेयादव,1,छेयादव
छोट,2,छोट
छोटन,3,छोटन
छोटा,2,छोटा
छोटू,3,छोटू
जंग,2,जंग
जंदी,1,जंदी
जक,1,जक
जकिर,4,जकिर
जकीर,13,जकीर
जगत,2,जगत
जनत,1,जनत
जनार,1,जनार
जनी,1,जनी
जफर,6,जफर
जफरुल्‍्लाह,1,जफरुल््लाह
जफल्‍्लाह,1,जफल््लाह
जफ़र,2,जफ़र
जफार,1,जफार
जफिर,2,जफिर
जफीर,13,जफीर
जफीरा,1,जफीरा
जबबार,2,जबबार
जबवार,1,जबवार
जबार,1,जबार
जब्बर,4,जब्बर
जब्बार,66,जब्बार
जब्वार,5,जब्वार
जमदार,4,जमदार
जमशेद,2,जमशेद
जमशैद,3,जमशैद
जमसैद,1,जमसैद
जमा,4,जमा
जमाँ,1,जमाँ
जमादार,88,जमादार
जमाराद,1,जमाराद
जमाल,64,जमाल
जमालउदीन,4,जमालउदीन
जमालउद्दीन,2,जमालउद्दीन
जमालुद्दीन,2,जमालुद्दीन
जमाह,1,जमाह
जमीदर,1,जमीदर
जमीर,10,जमीर
जमीरुद्दीन,1,जमीरुद्दीन
जमील,14,जमील
जमेदार,3,जमेदार
जमैदार,2,जमैदार
जम्मिरुदूदीन,1,जम्मिरुदूदीन
जयन्त,1,जयन्त
जयाउददीन,1,जयाउददीन
जयाउदीन,3,जयाउदीन
जयाउद्दीन,2,जयाउद्दीन
जरराह,1,जरराह
जरह,2,जरह
जरोह,3,जरोह
जर्रा,5,जर्रा
जर्रां,1,जर्रां
जलाद,1,जलाद
जलान,1,जलान
जलाल,7,जलाल
जलालउद्दीन,1,जलालउद्दीन
जलालरखीँ,1,जलालरखीँ
जलीम,1,जलीम
जलील,28,जलील
जलोटा,2,जलोटा
जवर,4,जवर
जववार,2,जववार
जवाँ,1,जवाँ
जवार,8,जवार
जविद,1,जविद
जविर,1,जविर
जवैद्मिया,1,जवैद्मिया
जव्बार,1,जव्बार
जव्वार,3,जव्वार
जशिम,2,जशिम
जसिम,2,जसिम
जसिमुद्दीन,1,जसिमुद्दीन
जसीम,22,जसीम
जसीमअख्तर,1,जसीमअख्तर
जसीमउद्दीन,1,जसीमउद्दीन
जसीमुद्दीन,1,जसीमुद्दीन
जहंगीर,2,जहंगीर
जहर,1,जहर
जहाँ,1,जहाँ
जहाँगीर,28,जहाँगीर
जहांगीर,22,जहांगीर
जहागिन,1,जहागिन
जहागीर,5,जहागीर
जहीँगीर,1,जहीँगीर
जहीर,15,जहीर
जहीरउदीन,1,जहीरउदीन
ज़फरुदुदीन,1,ज़फरुदुदीन
ज़फ़रुदूदीन,1,ज़फ़रुदूदीन
ज़फ़रुल्ला,1,ज़फ़रुल्ला
ज़फ़रुल्लाह,1,ज़फ़रुल्लाह
ज़फीर,1,ज़फीर
ज़ाहिद,1,ज़ाहिद
ज़ियाउल,1,ज़ियाउल
ज़ुबेर,1,ज़ुबेर
ज़ुब्बैर,1,ज़ुब्बैर
जाउल,1,जाउल
जाकिर,3,जाकिर
जाकीर,5,जाकीर
जान,12,जान
जानकी,1,जानकी
जानखाँ,1,जानखाँ
जानी,1,जानी
जानीब,1,जानीब
जाफर,2,जाफर
जाबिद,8,जाबिद
जाबिर,6,जाबिर
जाबीद,2,जाबीद
जाबीर,5,जाबीर
जाबेद,2,जाबेद
जाब्बार,1,जाब्बार
जाम,3,जाम
जामा,2,जामा
जारवंशी,1,जारवंशी
जाविद,1,जाविद
जाविर,4,जाविर
जावीद,3,जावीद
जावीर,3,जावीर
जावेद,31,जावेद
जासमीन,1,जासमीन
जासिम,9,जासिम
जासीम,1,जासीम
जाहिद,28,जाहिद
जाहिर,5,जाहिर
जाहीद,4,जाहीद
जाहीर,2,जाहीर
जाहॉगीर,1,जाहॉगीर
जिंता,1,जिंता
जिनता,1,जिनता
जिन्‍नाह,1,जिन्नाह
जिब्राईल,1,जिब्राईल
जिया,1,जिया
जियाउदीन,1,जियाउदीन
जियाउद्दीन,2,जियाउद्दीन
जियाउरहमान,1,जियाउरहमान
जियादीन,1,जियादीन
जिलाना,1,जिलाना
जिलानी,21,जिलानी
जिव्दीन,1,जिव्दीन
जी,14,जी
जीतू,1,जीतू
जीलानी,7,जीलानी
जीशान,1,जीशान
जुनख,1,जुनख
जुनाव,2,जुनाव
जुनेद,3,जुनेद
जुनैद,8,जुनैद
जुन्नु,3,जुन्नु
जुबैर,8,जुबैर
जुमन,3,जुमन
जुमाई,1,जुमाई
जुमाय,1,जुमाय
जुम्मन,3,जुम्मन
जुलफकार,1,जुलफकार
जुलफ़कार,1,जुलफ़कार
जुलफैकर,1,जुलफैकर
जुल्जार,1,जुल्जार
जुल्फकार,3,जुल्फकार
जूनाद,1,जूनाद
जेयाअहमद,1,जेयाअहमद
जेयाउद्दीन,1,जेयाउद्दीन
जेवर,1,जेवर
जैटन,1,जैटन
जैनुदीन,1,जैनुदीन
जैनुल,9,जैनुल
जैनूल,1,जैनूल
जैश,1,जैश
जैस,5,जैस
जोगी,2,जोगी
जोनल,1,जोनल
जोनेघ,1,जोनेघ
जोरह,1,जोरह
जोहा,1,जोहा
जौधरी,1,जौधरी
जौसैफ,1,जौसैफ
जौहर,7,जौहर
जौहरी,2,जौहरी
ज्मों,1,ज्मों
ज्याउद्ीन,1,ज्याउद्ीन
ज्वार,1,ज्वार
झज्ञ,1,झज्ञ
झा,47,झा
झां,1,झां
झु,1,झु
झुला,3,झुला
टंडन,1,टंडन
टण्डन,1,टण्डन
टती,1,टती
टसाव,2,टसाव
टहल,1,टहल
टाकुर,1,टाकुर
टुचौहान,1,टुचौहान
टुडू,24,टुडू
टुमहतो,1,टुमहतो
टुरिया,1,टुरिया
टुल्‍्ला,1,टुल््ला
टूडू,2,टूडू
टूल,1,टूल
टेलर,60,टेलर
टेलर्स,1,टेलर्स
टेलर्‌,4,टेलर्
टैलर,9,टैलर
टोला,1,टोला
टौली,1,टौली
ट्ए,1,ट्ए
ठ,1,ठ
ठकुदमार,1,ठकुदमार
ठकुर,4,ठकुर
ठठेरा,44,ठठेरा
ठठैरा,34,ठठैरा
ठतेरा,1,ठतेरा
ठफरोस,1,ठफरोस
ठमहतों,1,ठमहतों
ठमुदीन,1,ठमुदीन
ठराजवंशी,1,ठराजवंशी
ठाकी,1,ठाकी
ठाकुर,2993,ठाकुर
ठाकुरी,2,ठाकुरी
ठाकुर्र,1,ठाकुर्र
ठाकूर,39,ठाकूर
ठाकृर,4,ठाकृर
ठाकृूर,2,ठाकृूर
ठाठेरा,1,ठाठेरा
ठासाव,1,ठासाव
ठि,6,ठि
ठि.0,1,ठि
ठिएंसह,2,ठिएंसह
ठिएसंह,16,ठिएसंह
ठिएसह,17,ठिएसह
ठिसंह,3,ठिसंह
ठीमेदार,1,ठीमेदार
ठीयादव,1,ठीयादव
ठु,1,ठु
ठु0कुमार,2,ठुकुमार
ठुअंसारी,1,ठुअंसारी
ठुअली,1,ठुअली
ठुकुमार,1,ठुकुमार
ठुचौधघरी,1,ठुचौधघरी
ठुपंडीत,1,ठुपंडीत
ठुपासवाण,1,ठुपासवाण
ठुप्रसाद,5,ठुप्रसाद
ठुयादव,1,ठुयादव
ठुरविदास,1,ठुरविदास
ठुराजवंशी,1,ठुराजवंशी
ठुराम,1,ठुराम
ठे,1,ठे
ठेकुमार,1,ठेकुमार
ठेतलत,1,ठेतलत
ठेयादव,1,ठेयादव
ठेसिंह,1,ठेसिंह
ड़ौम,1,ड़ौम
डीवी,1,डीवी
डीह,2,डीह
डेनिश,1,डेनिश
डेय,1,डेय
डॉम,18,डॉम
डोम,78,डोम
डौम,3,डौम
ड्राइवर,5,ड्राइवर
ढफाली,2,ढफाली
ण्सिंह,1,ण्सिंह
त,3,त
त#00085,1,त#
तंछति,1,तंछति
तंछाति,8,तंछाति
तंठाति,2,तंठाति
तंठ्ाति,2,तंठ्ाति
तंणाति,1,तंणाति
तंत,1,तंत
तंतवा,2,तंतवा
तंति,1,तंति
तंती,2,तंती
तंवीर,1,तंवीर
तंाति,1,तंाति
तकिम,1,तकिम
तकीम,1,तकीम
तखोँ,1,तखोँ
ततवा,22,ततवा
ततवाँ,2,ततवाँ
ततवां,1,ततवां
ततौ,1,ततौ
तदव,1,तदव
तनती,6,तनती
तनबीर,1,तनबीर
तनविर,1,तनविर
तनवीर,9,तनवीर
तबरेज,8,तबरेज
तबारक,10,तबारक
तब्रक,1,तब्रक
तमन्ना,1,तमन्ना
तमांझी,1,तमांझी
तमिलो,1,तमिलो
तमीली,1,तमीली
तमोली,27,तमोली
तमौली,13,तमौली
तयाव,1,तयाव
तरुण,7,तरुण
तरूण,4,तरूण
तरून,2,तरून
तवरेग,1,तवरेग
तवरेज,1,तवरेज
तवारक,3,तवारक
तवील,1,तवील
तसलिम,3,तसलिम
तसलीम,21,तसलीम
तसीम,3,तसीम
तस्लीम,17,तस्लीम
तहफीम,1,तहफीम
तहसीम,1,तहसीम
ता,1,ता
ताँति,3,ताँति
ताँती,39,ताँती
तांएंती,1,तांएंती
तांति,10,तांति
तांती,147,तांती
ताई,1,ताई
ताकीर,1,ताकीर
ताज,5,ताज
ताटी,1,ताटी
तातरी,1,तातरी
ताति,72,ताति
ताती,47,ताती
तारिक,1,तारिक
तारीफ़,1,तारीफ़
तालिब,1,तालिब
तालीब,1,तालीब
तालीम,1,तालीम
तासिम,1,तासिम
तासिर,2,तासिर
तासीम,3,तासीम
ताहिर,14,ताहिर
ताहीर,5,ताहीर
ताहेर,1,ताहेर
तिकुन,1,तिकुन
तिया,1,तिया
तिरकी,1,तिरकी
तिरिया,1,तिरिया
तिर्ण,1,तिर्ण
तिवारी,84,तिवारी
तिवीर,1,तिवीर
तुतीय,6,तुतीय
तुपपूरिया,1,तुपपूरिया
तुपूरिया,1,तुपूरिया
तुफानी,1,तुफानी
तुफैल,1,तुफैल
तुरया,3,तुरया
तुरिया,1244,तुरिया
तुरियाँ,1,तुरियाँ
तुरियां,1,तुरियां
तुरिसा,1,तुरिसा
तुरी,11,तुरी
तुरीय,84,तुरीय
तुरीया,97,तुरीया
तुरीयां,2,तुरीयां
तुरीयाश,1,तुरीयाश
तुरुया,1,तुरुया
तुलसी,1,तुलसी
तुला,2,तुला
तुल्लाह,5,तुल्लाह
तूतिया,4,तूतिया
तूरिया,22,तूरिया
तेयाउद्दीन,1,तेयाउद्दीन
तेरिया,1,तेरिया
तेशाम,1,तेशाम
तैफुल,1,तैफुल
तैयब,10,तैयब
तैयबअली,1,तैयबअली
तैयव,1,तैयव
तैय्यब,1,तैय्यब
तॉती,8,तॉती
तॉिती,1,तॉिती
तोफीक,1,तोफीक
तोहिर,1,तोहिर
तोहीक,1,तोहीक
तोहीद,2,तोहीद
तौंती,1,तौंती
तौएैफिक,1,तौएैफिक
तौकीर,2,तौकीर
तौढ़मन,1,तौढ़मन
तौती,4,तौती
तौफिक,3,तौफिक
तौफीक,3,तौफीक
तौरिया,3,तौरिया
तौवाब,1,तौवाब
तौसिफ़,1,तौसिफ़
तौहिद,3,तौहिद
तौहीद,2,तौहीद
त्यागी,2,त्यागी
त्रिपाठी,57,त्रिपाठी
त्रिबेदी,1,त्रिबेदी
त्रिवेदी,2,त्रिवेदी
त्वारक,1,त्वारक
द,3,द
द.,1,द
द0कुमार,2,दकुमार
दत,3,दत
दत्त,2,दत्त
दपासवान,1,दपासवान
दप्रसाद,2,दप्रसाद
दम,1,दम
दमहाराज,1,दमहाराज
दमांझी,2,दमांझी
दयाल,28,दयाल
दर,1,दर
दरखों,1,दरखों
दरजी,3,दरजी
दरविदास,1,दरविदास
दराज,2,दराज
दराजवंशी,1,दराजवंशी
दराम,1,दराम
दर्गी,2,दर्गी
दर्जी,10,दर्जी
दर्शी,1,दर्शी
दव,2,दव
दवाकर,1,दवाकर
दव्कर्मा,1,दव्कर्मा
दस,34,दस
दस्‌,1,दस्
दांगी,4,दांगी
दाउद,1,दाउद
दाउदी,1,दाउदी
दानिश,5,दानिश
दारु,1,दारु
दारू,1,दारू
दारूण,1,दारूण
दाश,1,दाश
दास,3640,दास
दास्दास,1,दास्दास
दि,1,दि
दिक्लीत,1,दिक्लीत
दिक्षीत,2,दिक्षीत
दिक्ीत,2,दिक्ीत
दिन,2,दिन
दिनकर,5,दिनकर
दिनेश,1,दिनेश
दिपक,4,दिपक
दिलकस,1,दिलकस
दिलदार,1,दिलदार
दिलशाद,4,दिलशाद
दिलावर,1,दिलावर
दिलीप,1,दिलीप
दिवाकर,12,दिवाकर
दिश्षीत,1,दिश्षीत
दिश्ीत,1,दिश्ीत
दिहा,1,दिहा
दि्लीत,1,दि्लीत
दीक्षित,4,दीक्षित
दीक्सित,1,दीक्सित
दीन,4,दीन
दीप,3,दीप
दीपक,4,दीपक
दीह,1,दीह
दु,1,दु
दु0कुमार,1,दुकुमार
दुअखतर,1,दुअखतर
दुअहमद,1,दुअहमद
दुआरी,1,दुआरी
दुआलम,3,दुआलम
दुकुमार,1,दुकुमार
दुखनशाह,1,दुखनशाह
दुछुराम,1,दुछुराम
दुजा,1,दुजा
दुठप्रसाद,1,दुठप्रसाद
दुठाकुर,2,दुठाकुर
दुबे,3,दुबे
दुमाझी,1,दुमाझी
दुयादव,2,दुयादव
दुराम,4,दुराम
दुराय,1,दुराय
दुला,1,दुला
दुलार,1,दुलार
दुवे,1,दुवे
दुसरवर,1,दुसरवर
दुसाघ,6,दुसाघ
दुसाद,2,दुसाद
दुसादय,2,दुसादय
दुसाद्य,2,दुसाद्य
दुसाध,18,दुसाध
दुसाह,1,दुसाह
दुसिंह,2,दुसिंह
दुसैन,1,दुसैन
दूबे,1,दूबे
दूमहतो,1,दूमहतो
दूमहतों,3,दूमहतों
दूमांझी,2,दूमांझी
दूराम,3,दूराम
दूर्माज्ी,1,दूर्माज्ी
दूर्माझी,1,दूर्माझी
दूर्माझ्ी,1,दूर्माझ्ी
दूसाघ,2,दूसाघ
दूसाध,4,दूसाध
दूसिंह,6,दूसिंह
दृठाकुर,1,दृठाकुर
दृदीन,2,दृदीन
दृमांझी,2,दृमांझी
दृयादव,1,दृयादव
दृशर्मा,1,दृशर्मा
देव,20,देव
देवत,1,देवत
देवयादव,1,देवयादव
देवर,1,देवर
देवी,745,देवी
देवेल,1,देवेल
दैवी,27,दैवी
दोडा,1,दोडा
दोम,3,दोम
दौगी,1,दौगी
दौजा,1,दौजा
दौड़ा,1,दौड़ा
द्यादव,1,द्यादव
धनिमंज्ञी,2,धनिमंज्ञी
धमनी,5,धमनी
धरिचौहन,1,धरिचौहन
धाकुर,1,धाकुर
धीर,2,धीर
धीरज,7,धीरज
धोनी,2,धोनी
धोबिन्द,1,धोबिन्द
धोबी,64,धोबी
धोवी,4,धोवी
धौबी,3,धौबी
न,1,न
नं0,2,नं
नंजर,1,नंजर
नंद,1,नंद
नंदन,1,नंदन
नंदनराम,1,नंदनराम
नइम,2,नइम
नइमी,3,नइमी
नईम,28,नईम
नईमउदीन,1,नईमउदीन
नईमउदृदीन,1,नईमउदृदीन
नईमी,5,नईमी
नईमुद्दीन,1,नईमुद्दीन
नकाश,1,नकाश
नगरी,10,नगरी
नगारी,20,नगारी
नगीना,1,नगीना
नजम,6,नजम
नजमुदुदीन,1,नजमुदुदीन
नजर,1,नजर
नज़र,2,नज़र
नजाम,27,नजाम
नजामउदीन,2,नजामउदीन
नजामउद्दीन,2,नजामउद्दीन
नजीब,1,नजीब
नजीर,9,नजीर
नजीवउद्वीन,1,नजीवउद्वीन
नजू,1,नजू
नट,43,नट
नत,4,नत
नताब,1,नताब
नथुनी,1,नथुनी
नदवी,4,नदवी
नदीर,1,नदीर
नन्दन,1,नन्दन
नन्हे,1,नन्हे
नन्‍हा,1,नन्हा
नफीस,2,नफीस
नबाब,2,नबाब
नबिजान,2,नबिजान
नबी,11,नबी
नबींना,1,नबींना
नबीजान,1,नबीजान
नबीना,2,नबीना
नमन,1,नमन
नम्तुल,1,नम्तुल
नयन,9,नयन
नयम,1,नयम
नयाक,1,नयाक
नयाज,1,नयाज
नरायण,1,नरायण
नरोतम,2,नरोतम
नवनीत,1,नवनीत
नवल,3,नवल
नवशाद,1,नवशाद
नवाज़,1,नवाज़
नवाडीह,1,नवाडीह
नवादा,1,नवादा
नवाब,8,नवाब
नविजान,1,नविजान
नविन,1,नविन
नविबक्स,1,नविबक्स
नवी,10,नवी
नवीजान,2,नवीजान
नवीन,5,नवीन
नव्वार,1,नव्वार
नशिम,2,नशिम
नशीम,1,नशीम
नसर,7,नसर
नसरन्ल,1,नसरन्ल
नसरी,2,नसरी
नसरुदिन,1,नसरुदिन
नसरुदुदीन,1,नसरुदुदीन
नसरुदृदीन,1,नसरुदृदीन
नसरुल,2,नसरुल
नसरुल्‍्ला,1,नसरुल््ला
नसरूदीन,2,नसरूदीन
नसार,1,नसार
नसारी,1,नसारी
नसिन,1,नसिन
नसिम,1,नसिम
नसीम,89,नसीम
नसीमी,1,नसीमी
नसीमुद्दीन,1,नसीमुद्दीन
नसीर,13,नसीर
नसीरउदीन,3,नसीरउदीन
नसीरउदृदीन,1,नसीरउदृदीन
नस्तर,1,नस्तर
नागरी,1,नागरी
नागीरआलम,1,नागीरआलम
नाज,1,नाज
नाजम,1,नाजम
नाजमी,1,नाजमी
नाज़िम,1,नाज़िम
नाज़ीर,1,नाज़ीर
नाजामउद्दीन,1,नाजामउद्दीन
नाजाय,1,नाजाय
नाजिम,8,नाजिम
नाजिर,1,नाजिर
नाजीम,7,नाजीम
नाजीर,4,नाजीर
नाट,2,नाट
नाथ,15,नाथ
नाथझा,4,नाथझा
नाथा,1,नाथा
नादिम,2,नादिम
नान,1,नान
नानिया,4,नानिया
नाबीना,7,नाबीना
नायक,31,नायक
नायन,1,नायन
नारयाण,1,नारयाण
नारायण,69,नारायण
नारायणझा,4,नारायणझा
नारायणसिंह,1,नारायणसिंह
नाविजान,1,नाविजान
नासिंह,1,नासिंह
नासिम,3,नासिम
नासिर,2,नासिर
नासिह,1,नासिह
नासीर,2,नासीर
नासीरउदीन,1,नासीरउदीन
निएनर,1,निएनर
निगम,1,निगम
निज़ाम,1,निज़ाम
निज़ामुद्दीन,1,निज़ामुद्दीन
निजाम,2,निजाम
निजामउद्दीन,1,निजामउद्दीन
नियाज,1,नियाज
नियार,1,नियार
निरंजन,3,निरंजन
निरज,1,निरज
निरझर,1,निरझर
निरला,1,निरला
निराला,81,निराला
निर्र,2,निर्र
निर्सर,2,निर्सर
निलम,1,निलम
निवाश,1,निवाश
निवास,4,निवास
निशर,1,निशर
निशा,15,निशा
निशांत,1,निशांत
निशार,7,निशार
निशु,1,निशु
निशू,1,निशू
निश्चल,1,निश्चल
निषर,1,निषर
निषाद,1,निषाद
निषार,1,निषार
निसहर,1,निसहर
निसा,1,निसा
निसार,44,निसार
निस्सार,2,निस्सार
निहाल,1,निहाल
नि्नर,3,नि्नर
नि्र,2,नि्र
नीम,2,नीम
नीरज,5,नीरज
नीलम,2,नीलम
नीलु,1,नीलु
नीशार,1,नीशार
नुत,3,नुत
नुरमलिक,1,नुरमलिक
नुरमियां,1,नुरमियां
नूर,3,नूर
नूरमलिक,3,नूरमलिक
नूरमियां,1,नूरमियां
नेआज,1,नेआज
नेजमा,1,नेजमा
नेजाम,23,नेजाम
नेजामउदीन,1,नेजामउदीन
नेजामी,1,नेजामी
नेपाली,2,नेपाली
नेमत,1,नेमत
नेयाज,6,नेयाज
नेयाज़,3,नेयाज़
नेसार,8,नेसार
नेहाल,15,नेहाल
नैजामा,1,नैजामा
नैशद,1,नैशद
नैसार,2,नैसार
नोएैशाद,1,नोएैशाद
नोठैमन,1,नोठैमन
नोनिया,37,नोनिया
नोनियाँ,28,नोनियाँ
नोनियां,4,नोनियां
नोनीया,61,नोनीया
नोनीयाँ,1,नोनीयाँ
नोमान,4,नोमान
नोमुन,2,नोमुन
नोशाद,1,नोशाद
नौनिया,31,नौनिया
नौनियाँ,6,नौनियाँ
नौनियां,8,नौनियां
नौनीया,41,नौनीया
नौमान,1,नौमान
नौरंग,1,नौरंग
नौशद,1,नौशद
नौशाद,41,नौशाद
नौशादा,1,नौशादा
नौसाद,8,नौसाद
पंउित,6,पंउित
पंकज,6,पंकज
पंडडित,1,पंडडित
पंडती,1,पंडती
पंड़ित,1,पंड़ित
पंडित,5614,पंडित
पंडित',3,पंडित
पंडित-,1,पंडित
पंडितत,1,पंडितत
पंडिता,2,पंडिता
पंडिति,2,पंडिति
पंडिन,1,पंडिन
पंडी,2,पंडी
पंडीज,1,पंडीज
पंडीत,172,पंडीत
पंडें,1,पंडें
पंडेय,1,पंडेय
पंणाड़े,1,पंणाड़े
पंण्डित,1,पंण्डित
पंण्डीत,1,पंण्डीत
पंदेव्य,1,पंदेव्य
पंब्दित,1,पंब्दित
पंरृठिडत,1,पंरृठिडत
पंित,1,पंित
पकुमार,1,पकुमार
पजीलत,1,पजीलत
पटेल,8,पटेल
पटेल',2,पटेल
पड़ित,3,पड़ित
पडित,6,पडित
पडीत,1,पडीत
पणण्ठिडत,1,पणण्ठिडत
पण्ड़ीत,3,पण्ड़ीत
पण्डित,109,पण्डित
पण्डे,2,पण्डे
पण्डेय,1,पण्डेय
पती,1,पती
पदाद,1,पदाद
पनीत,2,पनीत
पन्डित,1,पन्डित
पपासवान,1,पपासवान
पप्रसाद,1,पप्रसाद
पमडिया,5,पमडिया
पमदिया,3,पमदिया
पमाकर,1,पमाकर
पयादव,1,पयादव
परजापती,1,परजापती
परत,1,परत
परदादा,1,परदादा
परमहस,1,परमहस
परवेज,14,परवेज
परवेज़,8,परवेज़
परसद,2,परसद
परसदा,3,परसदा
परसाद,31,परसाद
परी,1,परी
पर्डित,2,पर्डित
पर्णठिडत,1,पर्णठिडत
पल,2,पल
पलटन,1,पलटन
पवन,3,पवन
पसवन,2,पसवन
पसवान,5,पसवान
पसाद,681,पसाद
पसाधीन,1,पसाधीन
पसावान,1,पसावान
पसी,27,पसी
पस्वन्ब,1,पस्वन्ब
पहराज,1,पहराज
पहाड़ी,5,पहाड़ी
पांड,2,पांड
पांडये,5,पांडये
पांडित,5,पांडित
पांडे,645,पांडे
पांडेय,414,पांडेय
पांडेया,1,पांडेया
पांडैया,2,पांडैया
पाठक,87,पाठक
पाड़े,1,पाड़े
पाड़ेंय,5,पाड़ेंय
पाणंडेय,1,पाणंडेय
पाणडेय,5,पाणडेय
पाणुछेय,2,पाणुछेय
पाणुठेय,2,पाणुठेय
पाणेय,1,पाणेय
पाणैय,1,पाणैय
पाण्डये,1,पाण्डये
पाण्डे,176,पाण्डे
पाण्डेण्य,1,पाण्डेण्य
पाण्डेय,1840,पाण्डेय
पाण्डेयक,1,पाण्डेयक
पाण्डेया,3,पाण्डेया
पाण्डेयु,1,पाण्डेयु
पाण॑ंडेय,1,पाण॑ंडेय
पान,1,पान
पान्डे,3,पान्डे
पान्डेय,7,पान्डेय
पाफिज,1,पाफिज
पामवान,1,पामवान
पायडेय,1,पायडेय
पारमांज्ञी,1,पारमांज्ञी
पारी,1,पारी
पार्डेय,1,पार्डेय
पाल,54,पाल
पाली,1,पाली
पावान,1,पावान
पाशवान,1,पाशवान
पास,2,पास
पासपान,1,पासपान
पासबान,1,पासबान
पासवउन,1,पासवउन
पासवन,4,पासवन
पासववान,1,पासववान
पासवाँ,1,पासवाँ
पासवान,8794,पासवान
पासवान',1,पासवान
पासवानद,1,पासवानद
पासवानम,1,पासवानम
पासवाना,1,पासवाना
पासवान्‌,2,पासवान्
पासवाल,1,पासवाल
पासावन,1,पासावन
पासावान,5,पासावान
पासी,116,पासी
पिंटू,1,पिंटू
पिंडत,1,पिंडत
पिठौरी,1,पिठौरी
पिता,1,पिता
पिन्टू,1,पिन्टू
पियुस,1,पियुस
पींत,2,पींत
पीर,4,पीर
पीरअली,1,पीरअली
पुनि,1,पुनि
पुरी,20,पुरी
पुरुषोत्तम,1,पुरुषोत्तम
पूरी,3,पूरी
पेडित,1,पेडित
पेसकार,1,पेसकार
पॉँय,1,पॉँय
पॉंडैया,1,पॉंडैया
पॉडैय,1,पॉडैय
पोण्यय,1,पोण्यय
पौरैशी,1,पौरैशी
प्फष,1,प्फष
प्यागी,1,प्यागी
प्र,5,प्र
प्रकाश,73,प्रकाश
प्रकास,1,प्रकास
प्रक्सुद,1,प्रक्सुद
प्रचकोर,1,प्रचकोर
प्रजापत,3,प्रजापत
प्रजापति,18,प्रजापति
प्रजापती,15,प्रजापती
प्रडित,1,प्रडित
प्रणव,1,प्रणव
प्रण्यादव,1,प्रण्यादव
प्रताप,8,प्रताप
प्रतापराम,1,प्रतापराम
प्रदाद,3,प्रदाद
प्रधान,1,प्रधान
प्रपसाद,1,प्रपसाद
प्रप्रसाद,1,प्रप्रसाद
प्रभकर,1,प्रभकर
प्रभा,1,प्रभा
प्रभाकर,33,प्रभाकर
प्रभात,4,प्रभात
प्रभावती,1,प्रभावती
प्रयसाद,1,प्रयसाद
प्रराउत,1,प्रराउत
प्रवत,1,प्रवत
प्रवीण,5,प्रवीण
प्रवीन,5,प्रवीन
प्रवीर,1,प्रवीर
प्रवेज,26,प्रवेज
प्रवेज़,1,प्रवेज़
प्रवेश,2,प्रवेश
प्रवैज,13,प्रवैज
प्रशाद,3,प्रशाद
प्रसड्स,1,प्रसड्स
प्रसद,15,प्रसद
प्रसवन,1,प्रसवन
प्रसा,3,प्रसा
प्रसाइद,1,प्रसाइद
प्रसाउ,2,प्रसाउ
प्रसाद,17660,प्रसाद
प्रसादइ,2,प्रसादइ
प्रसादउ,3,प्रसादउ
प्रसादक,2,प्रसादक
प्रसादढ़,1,प्रसादढ़
प्रसादद,1,प्रसादद
प्रसादयादव,2,प्रसादयादव
प्रसादश,2,प्रसादश
प्रसादसिह,1,प्रसादसिह
प्रसादा,1,प्रसादा
प्रसादि,2,प्रसादि
प्रसादु,1,प्रसादु
प्रसादे,1,प्रसादे
प्रस्स्द,1,प्रस्स्द
प्राद,1,प्राद
प्रासद,5,प्रासद
प्रासाद,7,प्रासाद
प्रिय,1,प्रिय
प्रियदर्शी,7,प्रियदर्शी
प्रियदेव,1,प्रियदेव
प्रियारंजन,1,प्रियारंजन
प्रियेदर्शी,1,प्रियेदर्शी
प्रीतम,1,प्रीतम
प्रुशोतम,1,प्रुशोतम
प्रेमी,2,प्रेमी
प्रेसाद,1,प्रेसाद
प्र०,3,प्र
फंथूउत,1,फंथूउत
फईम,2,फईम
फकरूदीन,1,फकरूदीन
फकरूदृदीन,1,फकरूदृदीन
फकिरुद्दीन,1,फकिरुद्दीन
फखरुदुदीन,2,फखरुदुदीन
फखरुदृदीन,1,फखरुदृदीन
फखरूउद्वीन,1,फखरूउद्वीन
फखरूदीन,1,फखरूदीन
फखरूदृदीन,1,फखरूदृदीन
फजल,1,फजल
फजीहत,2,फजीहत
फठक,1,फठक
फतह,3,फतह
फयाज,1,फयाज
फरह,3,फरह
फरहत,1,फरहत
फरहान,1,फरहान
फरीद,10,फरीद
फरूक,1,फरूक
फरोकस,1,फरोकस
फरोज,5,फरोज
फरोश,14,फरोश
फरोस,13,फरोस
फरौज,1,फरौज
फरौस,2,फरौस
फसी,1,फसी
फसीउदीन,2,फसीउदीन
फसीह,1,फसीह
फहीम,6,फहीम
फहीमउदीन,1,फहीमउदीन
फहीमा,1,फहीमा
फ़ऊदार,1,फ़ऊदार
फ़क़रुदूदीन,1,फ़क़रुदूदीन
फ़क्कदुदीन,1,फ़क्कदुदीन
फ़ख़रुदुदीन,1,फ़ख़रुदुदीन
फ़याज़,1,फ़याज़
फ़रीद,2,फ़रीद
फ़िरोज़,4,फ़िरोज़
फ़ीरदौस,1,फ़ीरदौस
फादर,1,फादर
फामेक,1,फामेक
फार,1,फार
फारुक,15,फारुक
फारुख,1,फारुख
फारूक,15,फारूक
फारूख,5,फारूख
फासक,1,फासक
फिरदोस,1,फिरदोस
फिरदौशी,1,फिरदौशी
फिरदौस,1,फिरदौस
फिरदौसी,1,फिरदौसी
फिरोज,25,फिरोज
फिरोज़,2,फिरोज़
फिरोस,3,फिरोस
फिरौस,1,फिरौस
फुरकान,1,फुरकान
फुर्कान,1,फुर्कान
फेकाशिम,1,फेकाशिम
फेकु,2,फेकु
फेकू,2,फेकू
फेयादव,1,फेयादव
फेलु,1,फेलु
फैकू,1,फैकू
फैजल,1,फैजल
फैज़म,1,फैज़म
फैजुद्दीन,1,फैजुद्दीन
फैजुलाह,1,फैजुलाह
फैजुल्लाह,2,फैजुल्लाह
फैयज,1,फैयज
फैयाज,12,फैयाज
फैयाजउद्दीन,2,फैयाजउद्दीन
फैयाज़,3,फैयाज़
फैसल,1,फैसल
फोएलाद,1,फोएलाद
फौलाद,3,फौलाद
फ्रैयाज़,1,फ्रैयाज़
बंगलु,1,बंगलु
बंजारा,1,बंजारा
बंशकारी,1,बंशकारी
बंशी,41,बंशी
बंशीमित्री,1,बंशीमित्री
बंसी,2,बंसी
बकर,1,बकर
बकश,4,बकश
बकस,4,बकस
बकास,1,बकास
बकील,3,बकील
बकु7स,1,बकुस
बकु?सें,1,बकुसें
बकुएस,3,बकुएस
बकृ7स,3,बकृस
बक्श,4,बक्श
बक्स,14,बक्स
बक्सा,1,बक्सा
बक्सी,1,बक्सी
बक्‌?स,1,बक्स
बक्‌ु?स,1,बक्ुस
बक्‍्श,2,बक््श
बक्‍्स,5,बक््स
बखस,2,बखस
बख्त,1,बख्त
बख्श,9,बख्श
बच्चन,2,बच्चन
बज्जकुए,1,बज्जकुए
बढ़ई,1,बढ़ई
बदरउदीन,1,बदरउदीन
बदरउद्दीन,1,बदरउद्दीन
बदरुउदृदीन,1,बदरुउदृदीन
बदरुदुदीन,3,बदरुदुदीन
बदरुदृदीन,2,बदरुदृदीन
बदरूउदृदीन,1,बदरूउदृदीन
बदरूदीन,2,बदरूदीन
बदरूदुदीन,1,बदरूदुदीन
बदरूदृदीन,1,बदरूदृदीन
बदीन,1,बदीन
बदुद,2,बदुद
बदृज्ज़मा,1,बदृज्ज़मा
बद्ु्दिदन,1,बद्ु्दिदन
बनाम,1,बनाम
बन्घु,1,बन्घु
बन्धु,2,बन्धु
बबलू,3,बबलू
बब्लू,1,बब्लू
बरई,23,बरई
बरतीयार,1,बरतीयार
बरनवाल,3,बरनवाल
बरनावाल,1,बरनावाल
बरसी,2,बरसी
बरातन,1,बरातन
बराती,4,बराती
बरिक,2,बरिक
बरिछ,1,बरिछ
बरैय,2,बरैय
बर्णवाल,1,बर्णवाल
बर्नवाल,1,बर्नवाल
बर्मा,5,बर्मा
बर्सी,1,बर्सी
बर॑य,2,बर॑य
बलदैव,2,बलदैव
बलभ,1,बलभ
बला,1,बला
बलाल,4,बलाल
बल्लभ,1,बल्लभ
बल्स,1,बल्स
बल्‍्ला,1,बल््ला
बशर,2,बशर
बशल,1,बशल
बशीर,3,बशीर
बसकारी,1,बसकारी
बसकी,1,बसकी
बसर,2,बसर
बसाउ,1,बसाउ
बसारत,3,बसारत
बसीर,14,बसीर
बसु,1,बसु
बहब,1,बहब
बहादुर,5,बहादुर
बहादूर,1,बहादूर
बहाब,4,बहाब
बहाव,4,बहाव
बहुद,1,बहुद
बहुदुर,1,बहुदुर
बाँसकारी,1,बाँसकारी
बांसकारी,3,बांसकारी
बाकी,1,बाकी
बाक्स,1,बाक्स
बागम,1,बागम
बाज,2,बाज
बादशाह,1,बादशाह
बानी,1,बानी
बानु,1,बानु
बानों,4,बानों
बाबर,2,बाबर
बाबा,1,बाबा
बाबु,6,बाबु
बाबुलाल,3,बाबुलाल
बाबू,3,बाबू
बाबूल,1,बाबूल
बारिक,18,बारिक
बारिस,1,बारिस
बारी,3,बारी
बारीक,12,बारीक
बारीक्र,6,बारीक्र
बाल,2,बाल
बालक,3,बालक
बालू,1,बालू
बासा,1,बासा
बासुदेव,2,बासुदेव
बास्कारी,1,बास्कारी
बाहीद,1,बाहीद
बिक्रम,2,बिक्रम
बिगहा,1,बिगहा
बिधार्थी,1,बिधार्थी
बिन्दु,1,बिन्दु
बिरहोर,1,बिरहोर
बिरहोरी,1,बिरहोरी
बिरोहर,1,बिरोहर
बिलन,1,बिलन
बिल्‍्ला,1,बिल््ला
बिशकर्मा,2,बिशकर्मा
बिशवकर्मा,2,बिशवकर्मा
बिश्वकर्म,1,बिश्वकर्म
बिश्वकर्मा,1,बिश्वकर्मा
बिहरी,4,बिहरी
बिहार,4,बिहार
बिहारी,42,बिहारी
बीघा,1,बीघा
बीबी,1,बीबी
बीस,4,बीस
बुदीन,4,बुदीन
बुधन,1,बुधन
बुरैशी,2,बुरैशी
बुल,1,बुल
बेगम,10,बेगम
बेलाल,2,बेलाल
बेसरा,4,बेसरा
बैगम,6,बैगम
बैनजीर,1,बैनजीर
बैला,1,बैला
बैसरा,2,बैसरा
बॉस,1,बॉस
बोस,3,बोस
ब्रत,1,ब्रत
ब्रिचा,1,ब्रिचा
भंडारे,1,भंडारे
भईयां,1,भईयां
भगत,89,भगत
भगवान,1,भगवान
भग्गु,1,भग्गु
भट,2,भट
भदानी,11,भदानी
भरती,2,भरती
भरद्वाज,7,भरद्वाज
भला,2,भला
भल्‍्ला,1,भल््ला
भाईदुआज,1,भाईदुआज
भान,1,भान
भानो,1,भानो
भारती,81,भारती
भारतीय,3,भारतीय
भारतेन्दु,1,भारतेन्दु
भारद्वाज,9,भारद्वाज
भाला,1,भाला
भास्कर,4,भास्कर
भुइंया,2,भुइंया
भुइयया,1,भुइयया
भुइया,16,भुइया
भुइयाँ,7,भुइयाँ
भुइयां,27,भुइयां
भुइयोँ,1,भुइयोँ
भुईया,18,भुईया
भुईयाँ,6,भुईयाँ
भुईयां,10,भुईयां
भुट्टो,1,भुट्टो
भुठुला,1,भुठुला
भुनना,2,भुनना
भुन्या,2,भुन्या
भुन्‍ना,1,भुन्ना
भुला,352,भुला
भुल्ला,62,भुल्ला
भुल्‍्ला,4,भुल््ला
भुषण,5,भुषण
भूइयाँ,1,भूइयाँ
भूइयां,2,भूइयां
भूईयां,1,भूईयां
भून्‍नो,1,भून्नो
भूल,1,भूल
भूला,106,भूला
भूली,1,भूली
भूषण,21,भूषण
भैया,1,भैया
भोखतार,1,भोखतार
भोदु,1,भोदु
मं0ाझी,1,मंाझी
मंउल,3,मंउल
मंएाझी,5,मंएाझी
मंएाझ्नी,1,मंएाझ्नी
मंगल,1,मंगल
मंछाझी,7,मंछाझी
मंछाझ्ञी,3,मंछाझ्ञी
मंछाझ्ी,3,मंछाझ्ी
मंजर,13,मंजर
मंज़ूर,2,मंज़ूर
मंजिर,1,मंजिर
मंजी,1,मंजी
मंजीत,2,मंजीत
मंजुर,2,मंजुर
मंजुला,1,मंजुला
मंजूर,2,मंजूर
मंज्झी,2,मंज्झी
मंज्ञी,9,मंज्ञी
मंझ,1,मंझ
मंझी,1,मंझी
मंझो,4,मंझो
मंठाझी,4,मंठाझी
मंडल,1321,मंडल
मंडला,1,मंडला
मंणाज्ञी,6,मंणाज्ञी
मंणाझी,6,मंणाझी
मंणाझ्ञी,4,मंणाझ्ञी
मंणाझ्ी,1,मंणाझ्ी
मंणा्ञी,1,मंणा्ञी
मंण्डल,1,मंण्डल
मंथ,1,मंथ
मंदी,1,मंदी
मंनोर,1,मंनोर
मंसुर,4,मंसुर
मंसुरी,16,मंसुरी
मंसूर,5,मंसूर
मंसूरी,29,मंसूरी
मंाझी,2,मंाझी
मउल,1,मउल
मकबुल,8,मकबुल
मकबूल,7,मकबूल
मकसुद,4,मकसुद
मकसूद,6,मकसूद
मक़बूल,1,मक़बूल
मक़सूद,2,मक़सूद
मकुल,1,मकुल
मख्लुख,1,मख्लुख
मग्सुद,1,मग्सुद
मची,6,मची
मजनूर,1,मजनूर
मजहर,4,मजहर
मज़ीद,2,मज़ीद
मजिद,10,मजिद
मजीज,1,मजीज
मजीद,92,मजीद
मजीव,1,मजीव
मज्हही,1,मज्हही
मझ,1,मझ
मझियान,1,मझियान
मझी,1,मझी
मडंल,6,मडंल
मडल,8,मडल
मणि,7,मणि
मणिकान्त,2,मणिकान्त
मणीर,2,मणीर
मण्डल,15,मण्डल
मतिन,5,मतिन
मतिना,2,मतिना
मतिम,1,मतिम
मतीन,27,मतीन
मतीम,1,मतीम
मतों,2,मतों
मतौ,1,मतौ
मत्था,1,मत्था
मद,1,मद
मदन,2,मदन
मदहुम,1,मदहुम
मदानी,1,मदानी
मध्या,4,मध्या
मन,1,मन
मनअवर,1,मनअवर
मनजर,2,मनजर
मनजाम,1,मनजाम
मनजोस,1,मनजोस
मनन,8,मनन
मनवर,1,मनवर
मनसुर,2,मनसुर
मनही,1,मनही
मनाजिर,1,मनाजिर
मनान,34,मनान
मनिरुद्धीन,1,मनिरुद्धीन
मनिर्दुद्धीन,1,मनिर्दुद्धीन
मनीर,8,मनीर
मनीरउदीन,1,मनीरउदीन
मनीरउद्दीन,1,मनीरउद्दीन
मनोज,1,मनोज
मनौअर,1,मनौअर
मनौर,1,मनौर
मनौरवर,1,मनौरवर
मनौवर,13,मनौवर
मन्जूर,1,मन्जूर
मन्झी,1,मन्झी
मन्दु,1,मन्दु
मन्सुर,2,मन्सुर
मन्सुरी,1,मन्सुरी
मन्सूर,1,मन्सूर
मन्‍ना,1,मन्ना
मन्‍नान,17,मन्नान
मन्‍नौर,1,मन्नौर
ममहतों,1,ममहतों
ममहद,1,ममहद
मम्मट,1,मम्मट
मयाँ,2,मयाँ
मरणी,1,मरणी
मरण्डी,4,मरण्डी
मरतजाउद्दीन,1,मरतजाउद्दीन
मरन्डी,5,मरन्डी
मरमु,2,मरमु
मरहन,1,मरहन
मरहम,5,मरहम
मरहुन,3,मरहुन
मरहुम,15,मरहुम
मरहुमहनान,1,मरहुमहनान
मरहून,1,मरहून
मरहूम,14,मरहूम
मरांडी,19,मरांडी
मराडी,17,मराडी
मराण्डी,22,मराण्डी
मरानंदी,1,मरानंदी
मरान्डी,16,मरान्डी
मरिदुगुल,1,मरिदुगुल
मरुई,1,मरुई
मरुहुम,2,मरुहुम
मल,2,मल
मलकर,6,मलकर
मललु,1,मललु
मलल्‍्लीक,1,मलल््लीक
मलाकर,9,मलाकर
मलाकार,1,मलाकार
मलालकर,1,मलालकर
मलाह,1,मलाह
मलि,1,मलि
मलिक,223,मलिक
मलिक्क,1,मलिक्क
मलिम,1,मलिम
मलीक,1,मलीक
मलोइक,1,मलोइक
मल्लाह,1,मल्लाह
मल्लिक,25,मल्लिक
मल्लीक,5,मल्लीक
मल्‍्लीक,1,मल््लीक
मसतान,1,मसतान
मसा,1,मसा
मसाद,1,मसाद
मसित्री,1,मसित्री
मसीम,1,मसीम
मसुंर,1,मसुंर
मसुरल,1,मसुरल
मसूद,3,मसूद
मसूरी,3,मसूरी
मस्तान,1,मस्तान
मस्ताना,1,मस्ताना
मस्तुफा,1,मस्तुफा
मस्सन,1,मस्सन
महंथ,1,महंथ
महइतो,1,महइतो
महजवीन,1,महजवीन
महत,1,महत
महततों,1,महततों
महता,26,महता
महताब,4,महताब
महती,21,महती
महतीएं,1,महतीएं
महते,1,महते
महतो,15112,महतो
महतों,13,महतों
महतोउ,1,महतोउ
महतोक,2,महतोक
महतोठि,1,महतोठि
महतौ,46,महतौ
महतौोक,1,महतौोक
महत्ती,1,महत्ती
महत्रो,2,महत्रो
महथ,3,महथ
महथा,235,महथा
महथो,1,महथो
महनो,1,महनो
महन्झी,1,महन्झी
महफूज,6,महफूज
महफूज़,1,महफूज़
महबुब,1,महबुब
महबूब,5,महबूब
महमद,1,महमद
महमुद,10,महमुद
महमूद,15,महमूद
महमों,1,महमों
महया,3,महया
महरसी,1,महरसी
महराज,106,महराज
महराम,1,महराम
महरुन,1,महरुन
महरूम,1,महरूम
महल्‍्तो,1,महल््तो
महसुर्मिया,1,महसुर्मिया
महाटो,1,महाटो
महाते,2,महाते
महातो,5,महातो
महातों,3,महातों
महातौ,3,महातौ
महाथा,1,महाथा
महाराज,203,महाराज
महालक्ष्मी,1,महालक्ष्मी
महुड,1,महुड
महुथा,2,महुथा
महुम,1,महुम
महूथा,18,महूथा
महृतौ९,2,महृतौ
महृत्गों,1,महृत्गों
महृथा,28,महृथा
महेता,3,महेता
महोत,6,महोत
माँ,13,माँ
माँजञी,11,माँजञी
माँजी,1,माँजी
माँज्ञी,77,माँज्ञी
माँझ,1,माँझ
माँझञी,17,माँझञी
माँझी,926,माँझी
माँझ्ञी,7,माँझ्ञी
माँमझ्ञी,1,माँमझ्ञी
माँसी,1,माँसी
मांघी,1,मांघी
मांजझीन,1,मांजझीन
मांजञी,3,मांजञी
मांजी,1,मांजी
मांज्ञी,1839,मांज्ञी
मांज्ञीएं,1,मांज्ञीएं
मांझ,7,मांझ
मांझि,1,मांझि
मांझी,15915,मांझी
मांझी',1,मांझी
मांझीउ,1,मांझीउ
मांझीएू,1,मांझीएू
मांझीठि,1,मांझीठि
मांझो,1,मांझो
मांझ्ञी,329,मांझ्ञी
मांड्ञी,1,मांड्ञी
मांहतों,1,मांहतों
माईन,1,माईन
माकूल,1,माकूल
माख्तार,1,माख्तार
माघ,1,माघ
माघी,1,माघी
माची,1,माची
माजझी,17,माजझी
माजझ्ञी,8,माजझ्ञी
माजिद,22,माजिद
माजिब,1,माजिब
माजी,2,माजी
माजीद,1,माजीद
माज्ञी,59,माज्ञी
माझञी,3,माझञी
माझी,812,माझी
माझीं,1,माझीं
माझो,1,माझो
माझ्जी,2,माझ्जी
माझ्ञी,105,माझ्ञी
माझ्ी,6,माझ्ी
माथा,2,माथा
माथुर,1,माथुर
माथुरी,2,माथुरी
माथो,1,माथो
माथो.,1,माथो
माथौ,1,माथौ
माधव,1,माधव
माधवन,1,माधवन
माध्व,1,माध्व
मान,1,मान
मानन,1,मानन
मानव,1,मानव
मानिक,1,मानिक
मानी,1,मानी
मार,46,मार
मारूम,1,मारूम
माला,2,माला
मालाकर,3,मालाकर
मालाकार,278,मालाकार
मालिक,45,मालिक
माली,224,माली
मालीक,2,मालीक
मालो,4,मालो
मालौ,1,मालौ
माल्लिक,1,माल्लिक
मासुम,1,मासुम
मासूम,2,मासूम
मास्टर,1,मास्टर
माहता,1,माहता
माहती,3,माहती
माहतो,100,माहतो
माहतों,84,माहतों
माहतौ,61,माहतौ
माहिर,1,माहिर
माहीर,2,माहीर
माहृतो,19,माहृतो
माहृतों,13,माहृतों
माॉँझी,1,माॉँझी
मिंया,150,मिंया
मिंस्त्री,4,मिंस्त्री
मिकाइल,1,मिकाइल
मिज़ाम,1,मिज़ाम
मिठू,1,मिठू
मित्र,1,मित्र
मित्रा,1,मित्रा
मित्राजल,3,मित्राजल
मित्री,26,मित्री
मिथलेश,1,मिथलेश
मिथिया,1,मिथिया
मिद्त्री,1,मिद्त्री
मिनहाई,1,मिनहाई
मिनहाज,3,मिनहाज
मिनहाज़,1,मिनहाज़
मिन्य,6,मिन्य
मिन्हाज,1,मिन्हाज
मिन्‍्य,2,मिन््य
मिन्‍्हाज,3,मिन््हाज
मिन्‍्हास,1,मिन््हास
मिम्री,1,मिम्री
मिय,2,मिय
मियं,1,मियं
मियन,3,मियन
मिया,806,मिया
मियाँ,3204,मियाँ
मियाँ1,1,मियाँ
मियाँठि,1,मियाँठि
मियां,1301,मियां
मियांए,1,मियांए
मियान,2,मियान
मियाम,1,मियाम
मियाीँ,1,मियाीँ
मियीँ,3,मियीँ
मियीं,1,मियीं
मियुआ,1,मियुआ
मिय्हन,1,मिय्हन
मिरयीँ,5,मिरयीँ
मिर्ज़ा,1,मिर्ज़ा
मिर्जा,3,मिर्जा
मिर्धा,1,मिर्धा
मिर्ननी,2,मिर्ननी
मिर्य,1,मिर्य
मिर्या,1,मिर्या
मिशत्री,1,मिशत्री
मिशा,2,मिशा
मिश्त्री,53,मिश्त्री
मिश्र,60,मिश्र
मिश्रा,175,मिश्रा
मिश्री,26,मिश्री
मिस,1,मिस
मिसत्री,22,मिसत्री
मिसयान,1,मिसयान
मिसरा,15,मिसरा
मिसरी,1,मिसरी
मिसश्री,1,मिसश्री
मिसाल,1,मिसाल
मिसी,1,मिसी
मिसूती,1,मिसूती
मिस्टर,8,मिस्टर
मिस्टी,2,मिस्टी
मिस्ट्री,3,मिस्ट्री
मिस्तरी,1,मिस्तरी
मिस्ती,3,मिस्ती
मिस्त्र,2,मिस्त्र
मिस्त्रार,1,मिस्त्रार
मिस्त्री,7199,मिस्त्री
मिस्त्रीदू,1,मिस्त्रीदू
मिस्त्रौ,1,मिस्त्रौ
मिस्त्र८,1,मिस्त्र
मिस्ननी,2,मिस्ननी
मिस्नन्‍्नी,2,मिस्नन््नी
मिस्न्नी,1,मिस्न्नी
मिस्न्‍नी,3,मिस्न्नी
मिस्न्‍्नी,4,मिस्न््नी
मिस्याँ,1,मिस्याँ
मिस्र,2,मिस्र
मिस्रती,1,मिस्रती
मिस्री,8,मिस्री
मिहा,1,मिहा
मि्यीं,1,मि्यीं
मी,1,मी
मीनहाजुदीन,1,मीनहाजुदीन
मीय,1,मीय
मीयन,1,मीयन
मीया,21,मीया
मीयाँ,1,मीयाँ
मीयां,1,मीयां
मीयान,2,मीयान
मीस्त्री,1,मीस्त्री
मुंडा,2,मुंडा
मुअज्जम,1,मुअज्जम
मुईया,1,मुईया
मुकीम,2,मुकीम
मुकुल,5,मुकुल
मुकुला,1,मुकुला
मुकेश,1,मुकेश
मुक्तार,1,मुक्तार
मुखतार,14,मुखतार
मुखत्तार,1,मुखत्तार
मुखलिस,1,मुखलिस
मुख्तार,21,मुख्तार
मुजफ्फर,1,मुजफ्फर
मुजामत,1,मुजामत
मुजीब,2,मुजीब
मुतर्जा,1,मुतर्जा
मुताज,1,मुताज
मुतुर्जा,3,मुतुर्जा
मुदगल,1,मुदगल
मुदन,2,मुदन
मुनअम,1,मुनअम
मुनि,2,मुनि
मुनी,5,मुनी
मुन्ना,10,मुन्ना
मुन्नान,1,मुन्नान
मुन्नाबीस,1,मुन्नाबीस
मुन्शी,2,मुन्शी
मुबारक,1,मुबारक
मुबीनउद्दीन,1,मुबीनउद्दीन
मुमताज,29,मुमताज
मुमताज़,5,मुमताज़
मुमताजुद्दीन,1,मुमताजुद्दीन
मुमान,1,मुमान
मुम्ताज,1,मुम्ताज
मुरतजजा,1,मुरतजजा
मुरतजा,1,मुरतजा
मुरतर्जी,1,मुरतर्जी
मुरमु,14,मुरमु
मुरमुर,3,मुरमुर
मुरमू,1,मुरमू
मुरसठिलम,4,मुरसठिलम
मुरसिद,2,मुरसिद
मुराद,1,मुराद
मुरारी,4,मुरारी
मुर्तजा,11,मुर्तजा
मुर्तीज़ा,1,मुर्तीज़ा
मुर्तुँजा,1,मुर्तुँजा
मुर्तुज़ा,1,मुर्तुज़ा
मुर्तुजा,2,मुर्तुजा
मुर्म,3,मुर्म
मुर्मु,5,मुर्मु
मुर्मू,6,मुर्मू
मुर्शरफ,1,मुर्शरफ
मुर्शवा,1,मुर्शवा
मुर्स0लम,2,मुर्सलम
मुर्सरफ,1,मुर्सरफ
मुला,79,मुला
मुल्लह,1,मुल्लह
मुल्ला,13,मुल्ला
मुशताक,2,मुशताक
मुशलिम,2,मुशलिम
मुशहर,1,मुशहर
मुशिद,1,मुशिद
मुश्ताक,7,मुश्ताक
मुश्ताकआलम,1,मुश्ताकआलम
मुश्लिम,1,मुश्लिम
मुष्ा,1,मुष्ा
मुसठिलम,2,मुसठिलम
मुसतकरी,1,मुसतकरी
मुसतकीर,1,मुसतकीर
मुसतफा,1,मुसतफा
मुसताक,1,मुसताक
मुसलिम,15,मुसलिम
मुसलीम,9,मुसलीम
मुसहर,20,मुसहर
मुसा,14,मुसा
मुसाफिर,1,मुसाफिर
मुसाहैब,1,मुसाहैब
मुसिलम,2,मुसिलम
मुसिल्म,1,मुसिल्म
मुस्कान,1,मुस्कान
मुस्किम,1,मुस्किम
मुस्तकिम,2,मुस्तकिम
मुस्तकीम,31,मुस्तकीम
मुस्तकील,1,मुस्तकील
मुस्तफ,2,मुस्तफ
मुस्तफता,1,मुस्तफता
मुस्तफ़ा,15,मुस्तफ़ा
मुस्तफा,52,मुस्तफा
मुस्ताक,46,मुस्ताक
मुस्ताक़,3,मुस्ताक़
मुस्ताफ,1,मुस्ताफ
मुस्तिका,1,मुस्तिका
मुस्तुफा,1,मुस्तुफा
मुस्फ़्त,1,मुस्फ़्त
मुस्लिम,101,मुस्लिम
मुस्लीम,16,मुस्लीम
मुहमद,1,मुहमद
मुहम्मद,14,मुहम्मद
मुहसिन,1,मुहसिन
मु्श्दी,1,मु्श्दी
मूंन,1,मूंन
मूरमू,1,मूरमू
मूर्ति,2,मूर्ति
मूल,1,मूल
मूला,19,मूला
मूसा,8,मूसा
मेंझी,1,मेंझी
मेनहाजुदीन,1,मेनहाजुदीन
मेराज,10,मेराज
मेराजुद्दीन,1,मेराजुद्दीन
मेला,1,मेला
मेहता,118,मेहता
मेहतों,1,मेहतों
मेहथा,2,मेहथा
मेहरा,1,मेहरा
मैनान,1,मैनान
मैराज,17,मैराज
मैराजउदीन,2,मैराजउदीन
मैहता,19,मैहता
मैहथा,1,मैहथा
मैहरा,1,मैहरा
मैहाता,1,मैहाता
मॉँझी,220,मॉँझी
मॉँझ्ञी,1,मॉँझ्ञी
मॉज्ञी,4,मॉज्ञी
मॉझञी,1,मॉझञी
मॉझी,95,मॉझी
मॉझीएू,1,मॉझीएू
मॉझ्ञी,1,मॉझ्ञी
मॉफी,2,मॉफी
मो,8,मो
मो.,5,मो
मोअज़्जम,1,मोअज़्जम
मोअज़्ज़म,3,मोअज़्ज़म
मोअज्जम,1,मोअज्जम
मोआरिफ,1,मोआरिफ
मोआरीफ,1,मोआरीफ
मोइउदीन,1,मोइउदीन
मोइज,4,मोइज
मोइजउद्दीन,1,मोइजउद्दीन
मोइज़,1,मोइज़
मोइज़े,1,मोइज़े
मोइजुद्दीन,1,मोइजुद्दीन
मोइन,8,मोइन
मोइनउदीन,2,मोइनउदीन
मोइनउद्दीन,1,मोइनउद्दीन
मोइम,4,मोइम
मोईं,2,मोईं
मोईज,1,मोईज
मोईन,8,मोईन
मोईनुद्दीन,1,मोईनुद्दीन
मोईम,1,मोईम
मोई्ज़ा,1,मोई्ज़ा
मोकादर,1,मोकादर
मोकिज,1,मोकिज
मोकितन,1,मोकितन
मोकिम,7,मोकिम
मोकीन,1,मोकीन
मोकीम,7,मोकीम
मोकीव,1,मोकीव
मोखतार,11,मोखतार
मोखोँ,1,मोखोँ
मोख्तार,14,मोख्तार
मोचि,1,मोचि
मोची,826,मोची
मोजजिर,1,मोजजिर
मोजफफर,1,मोजफफर
मोजफर,1,मोजफर
मोजफ्फर,3,मोजफ्फर
मोजमिन,1,मोजमिन
मोज़फ्फर,1,मोज़फ्फर
मोजासिम,2,मोजासिम
मोजासीम,1,मोजासीम
मोजाहिद,5,मोजाहिद
मोजाहिर,1,मोजाहिर
मोजाहीद,2,मोजाहीद
मोजाहीर,2,मोजाहीर
मोजिद,1,मोजिद
मोजिबी,2,मोजिबी
मोजिवी,1,मोजिवी
मोजीब,6,मोजीब
मोजील,1,मोजील
मोज्फ्फर,1,मोज्फ्फर
मोझ,1,मोझ
मोझी,1,मोझी
मोझ्ञी,1,मोझ्ञी
मोझ्ी,1,मोझ्ी
मोदासिर,1,मोदासिर
मोदी,105,मोदी
मोनजीर,1,मोनजीर
मोनाजिर,13,मोनाजिर
मोनाजीर,6,मोनाजीर
मोनी,1,मोनी
मोफिज,4,मोफिज
मोफिद,6,मोफिद
मोफिया,1,मोफिया
मोफीज,2,मोफीज
मोफीद,1,मोफीद
मोबदीन,1,मोबदीन
मोबराक,1,मोबराक
मोबारक,2,मोबारक
मोबिन,9,मोबिन
मोबीन,6,मोबीन
मोमी,1,मोमी
मोयज्जम,1,मोयज्जम
मोया,1,मोया
मोरजाफर,1,मोरजाफर
मोरताब,1,मोरताब
मोर्य,1,मोर्य
मोली,1,मोली
मोवारक,1,मोवारक
मोविन,1,मोविन
मोवीन,2,मोवीन
मोश्री,1,मोश्री
मोसरफ,1,मोसरफ
मोसाहब,1,मोसाहब
मोसाहैब,1,मोसाहैब
मोसिम,5,मोसिम
मोसीम,2,मोसीम
मोसैम,1,मोसैम
मोस्तकीम,1,मोस्तकीम
मोस्तार,1,मोस्तार
मोस्लिम,1,मोस्लिम
मोहन,34,मोहन
मोहमद,43,मोहमद
मोहममद,2,मोहममद
मोहमम्द,3,मोहमम्द
मोहम्द,5,मोहम्द
मोहम्मद,158,मोहम्मद
मोहसिन,7,मोहसिन
मोहसीन,10,मोहसीन
मोहामद,1,मोहामद
मोहासीन,1,मोहासीन
मोहिब,4,मोहिब
मोहिसीन,1,मोहिसीन
मोहीनुदीन,1,मोहीनुदीन
मोहीब,3,मोहीब
मोहीव,1,मोहीव
मोहीवउदीन,1,मोहीवउदीन
मोौची,3,मोौची
मो०,12,मो
मौकिम,1,मौकिम
मौकीम,3,मौकीम
मौक्रम,1,मौक्रम
मौची,218,मौची
मौचीर,1,मौचीर
मौचो,2,मौचो
मौजिद,1,मौजिद
मौजी,1,मौजी
मौज्ञी,1,मौज्ञी
मौतिन,1,मौतिन
मौदी,20,मौदी
मौनाजीर,1,मौनाजीर
मौनीर,1,मौनीर
मौबारक,1,मौबारक
मौबिन,1,मौबिन
मौमिन,1,मौमिन
मौया,1,मौया
मौरी,1,मौरी
मौर्य,1,मौर्य
मौवारक,2,मौवारक
मौवारख,1,मौवारख
मौविन,1,मौविन
मौवीन,1,मौवीन
मौसाहेब,1,मौसाहेब
मौहमद,3,मौहमद
मौोहमद,2,मौोहमद
म्यिया,4,म्यिया
म्रांझी,1,म्रांझी
म्सित्री,1,म्सित्री
म्स्त्री,1,म्स्त्री
म॑झियान,1,म॑झियान
म॑पियान,1,म॑पियान
यकीन,6,यकीन
यकुफ़,1,यकुफ़
यकुब,1,यकुब
यकुव,1,यकुव
यक्ुब,1,यक्ुब
यदब,4,यदब
यदय,2,यदय
यदव,25,यदव
यदाव,44,यदाव
यदावू,2,यदावू
यदुवेंदु,1,यदुवेंदु
यद्व,1,यद्व
यद्वा,4,यद्वा
यद्वाव,1,यद्वाव
ययादव,1,ययादव
यहमा,3,यहमा
यहया,3,यहया
या,1,या
याक़ुओब,3,याक़ुओब
याकिम,1,याकिम
याकुब,12,याकुब
याकुव,4,याकुव
याकूब,4,याकूब
याकृब,4,याकृब
याकृव,1,याकृव
याक्रूब,1,याक्रूब
याक्ुऔब,1,याक्ुऔब
यागव,1,यागव
याग्वट,1,याग्वट
याद,5,याद
यादउव,1,यादउव
यादच,3,यादच
यादचव,1,यादचव
यादत,1,यादत
यादप,1,यादप
यादब,5,यादब
यादबेंदु,1,यादबेंदु
यादव,42857,यादव
यादव',1,यादव
यादवं,1,यादवं
यादवउ,3,यादवउ
यादवण,2,यादवण
यादवप,1,यादवप
यादवयादव,1,यादवयादव
यादवर,1,यादवर
यादवश,1,यादवश
यादवा,1,यादवा
यादवि,7,यादवि
यादवु,1,यादवु
यादवृ,3,यादवृ
यादवेन्दु,6,यादवेन्दु
यादवेन्दू,1,यादवेन्दू
यादवेन्द्र,1,यादवेन्द्र
यादव्‌,2,यादव्
यायदव,1,यायदव
याव,2,याव
यावद,2,यावद
यावादा,1,यावादा
यावाव,2,यावाव
याशीन,2,याशीन
यासिन,8,यासिन
यासीन,38,यासीन
यासीम,1,यासीम
याह,2,याह
याहृव,1,याहृव
यु,1,यु
युगेश,1,युगेश
युनिस,2,युनिस
युनु,1,युनु
युनुश,2,युनुश
युनुस,32,युनुस
युनूस,2,युनूस
युसुफ,17,युसुफ
युसुफु,1,युसुफु
युसूफ,1,युसूफ
युसूफ़,1,युसूफ़
यूनुस,7,यूनुस
यूनूस,6,यूनूस
यूम,1,यूम
यूमहतो,1,यूमहतो
यूसुफ़,4,यूसुफ़
येहसन,1,येहसन
य्टदाव,1,य्टदाव
य्दव,4,य्दव
र,5,र
रंगरेज,3,रंगरेज
रंगरेजा,6,रंगरेजा
रंजक,3,रंजक
रंजन,151,रंजन
रआजाद,1,रआजाद
रइश,1,रइश
रइस,1,रइस
रईस,14,रईस
रउत,6,रउत
रउफ,34,रउफ
रउफ़,1,रउफ़
रऊफ,16,रऊफ
रकक,1,रकक
रकीब,2,रकीब
रकीम,2,रकीम
रकीव,1,रकीव
रक्ष,1,रक्ष
रख,1,रख
रचना,1,रचना
रज,1,रज
रजक,1233,रजक
रजनीष,1,रजनीष
रजबार,3,रजबार
रजवंशी,10,रजवंशी
रजवार,324,रजवार
रजवों,1,रजवों
रज़क,1,रज़क
रज़क़,18,रज़क़
रज़ाक,1,रज़ाक
रज़ाक़,11,रज़ाक़
रज़ाक़र,4,रज़ाक़र
रज़ाक्र,1,रज़ाक्र
रजा,21,रजा
रजाक,105,रजाक
रजात,1,रजात
रजी,2,रजी
रजौली,1,रजौली
रज्जाक,20,रज्जाक
रज्जाद,1,रज्जाद
रणविजय,1,रणविजय
रतन,1,रतन
रतनेश,5,रतनेश
रत्तनेश,1,रत्तनेश
रत्न,1,रत्न
रत्नेश,3,रत्नेश
रन,1,रन
रना,3,रना
रनिं,1,रनिं
रपन,1,रपन
रपव,1,रपव
रफ,1,रफ
रफ़ी,1,रफ़ी
रफ़ीक,4,रफ़ीक
रफ़ीफ़,1,रफ़ीफ़
रफिक,3,रफिक
रफिद,1,रफिद
रफी,2,रफी
रफीक,75,रफीक
रफीज,1,रफीज
रफीव,1,रफीव
रफू,2,रफू
रब,8,रब
रबानी,11,रबानी
रबिदास,30,रबिदास
रबिदासं,1,रबिदासं
रबी,1,रबी
रब्दास,1,रब्दास
रब्बनी,1,रब्बनी
रब्बानी,20,रब्बानी
रब्बाबू,1,रब्बाबू
रब्रान,1,रब्रान
रम,11,रम
रमज़ान,1,रमज़ान
रमजान,9,रमजान
रमजानी,1,रमजानी
रमजु,1,रमजु
रमण,2,रमण
रमणी,4,रमणी
रमन,3,रमन
रमनु,1,रमनु
रमा,12,रमा
रमानी,19,रमानी
रमिन,2,रमिन
रय,1,रय
रराजवंशी,1,रराजवंशी
रव,1,रव
रवदास,1,रवदास
रवात,1,रवात
रवानी,30,रवानी
रवि,28,रवि
रविदवसु,1,रविदवसु
रविदस,17,रविदस
रविदा,3,रविदा
रविदाव्स,1,रविदाव्स
रविदाश,27,रविदाश
रविदास,5251,रविदास
रविदासस,1,रविदासस
रविदासि,1,रविदासि
रविशाफ्र,1,रविशाफ्र
रवीदाश,4,रवीदाश
रवीदास,13,रवीदास
रव्बानी,1,रव्बानी
रव्वानी,1,रव्वानी
रशिद,1,रशिद
रशीद,70,रशीद
रशुल,13,रशुल
रस,1,रस
रसिद,1,रसिद
रसीद,103,रसीद
रसुल,65,रसुल
रसुला,1,रसुला
रसुलें,1,रसुलें
रसूल,36,रसूल
रहबर,1,रहबर
रहमत,4,रहमत
रहमन,1,रहमन
रहमान,168,रहमान
रहमानी,2,रहमानी
रहयान,1,रहयान
रहवाल,1,रहवाल
रहिम,1,रहिम
रही,1,रही
रहीम,18,रहीम
रहीश,1,रहीश
रहुफ,1,रहुफ
रहुफ़,1,रहुफ़
रहूफ,1,रहूफ
रहृबानी,1,रहृबानी
राइ,2,राइ
राइन,12,राइन
राईन,38,राईन
राईम,1,राईम
राईस,2,राईस
राउट,1,राउट
राउत,852,राउत
राउल,1,राउल
राउि,1,राउि
राऊत,885,राऊत
राकिब,1,राकिब
राकिम,2,राकिम
राकेश,1,राकेश
राको,1,राको
रागिब,1,रागिब
राज,79,राज
राजंवंशी,3,राजंवंशी
राजंवशी,7,राजंवशी
राजअवधेश,2,राजअवधेश
राजक,14,राजक
राजन,2,राजन
राजनक,1,राजनक
राजबंत्री,1,राजबंत्री
राजबंशी,481,राजबंशी
राजबंसी,46,राजबंसी
राजबन्सी,43,राजबन्सी
राजबशी,5,राजबशी
राजबशीं,2,राजबशीं
राजबार,3,राजबार
राजवंधी,1,राजवंधी
राजवंश,9,राजवंश
राजवंशही,1,राजवंशही
राजवंशी,5844,राजवंशी
राजवंशीएु,2,राजवंशीएु
राजवंशीक,1,राजवंशीक
राजवंसी,64,राजवंसी
राजवनी,1,राजवनी
राजवशी,17,राजवशी
राजवशीं,1,राजवशीं
राजवांशी,3,राजवांशी
राजवार,53,राजवार
राजवी,3,राजवी
राजवीं,1,राजवीं
राजवुंशी,2,राजवुंशी
राजवेंशी,1,राजवेंशी
राजसंशी,1,राजसंशी
राजा,5,राजा
राजाक,1,राजाक
राजाबंशी,1,राजाबंशी
राजावर,1,राजावर
राजिक,2,राजिक
राजी,1,राजी
राजीव,1,राजीव
राजु,1,राजु
राजू,4,राजू
राजेश,1,राजेश
राज्फ्वंशी,1,राज्फ्वंशी
राज्वंशी,41,राज्वंशी
राज्वंसी,15,राज्वंसी
राज्वबंसी,1,राज्वबंसी
राज्वशी,5,राज्वशी
राज्वस्न्ही,2,राज्वस्न्ही
राज्वाब्सी,1,राज्वाब्सी
राज्वाल्‍्शी,1,राज्वाल््शी
राज॑वशी,4,राज॑वशी
राणा,7,राणा
राणे,7,राणे
रात,3,रात
राना,2,राना
रानी,2,रानी
रापाकाश्यपैय,1,रापाकाश्यपैय
राम,18407,राम
राम],1,राम
रामउ,2,रामउ
रामकेला,1,रामकेला
रामगढ़,1,रामगढ़
रामघनी,1,रामघनी
रामजनी,1,रामजनी
रामदिया,1,रामदिया
रामदेव,1,रामदेव
रामन,1,रामन
रामप्रसाद,2,रामप्रसाद
रामराम,1,रामराम
रामलखन,1,रामलखन
रामवंशी,1,रामवंशी
रामश,1,रामश
रामस्त,3,रामस्त
रामा,1,रामा
रामि,1,रामि
रामी,2,रामी
रामू,1,रामू
रामृ,2,रामृ
राय,1469,राय
रायन,1,रायन
रायरावत,1,रायरावत
राव,6,राव
रावंशी,3,रावंशी
रावजंशी,1,रावजंशी
रावत,756,रावत
रावन,1,रावन
रावम,2,रावम
राविंदस,1,राविंदस
राविदाश,1,राविदाश
राविदास,4,राविदास
राशीद,2,राशीद
रासबानी,1,रासबानी
रासिद,1,रासिद
राहत,1,राहत
राही,1,राही
राहुल,2,राहुल
रिंकू,1,रिंकू
रिएँ,2,रिएँ
रिऐ,1,रिऐ
रिखियासन,1,रिखियासन
रिजवान,36,रिजवान
रिजवी,11,रिजवी
रिज़वान,4,रिज़वान
रिज़वाना,1,रिज़वाना
रिज़वी,1,रिज़वी
रिजिवी,1,रिजिवी
रिया,1,रिया
रियाज,11,रियाज
रियाजउदीन,1,रियाजउदीन
रियाज़,8,रियाज़
रियासत,2,रियासत
रिवदास,7,रिवदास
रीजवान,1,रीजवान
रुत,1,रुत
रुलाम,1,रुलाम
रुसतम,1,रुसतम
रुस्तम,5,रुस्तम
रूकनउदीन,2,रूकनउदीन
रूकनउद्दीन,1,रूकनउद्दीन
रूढ,1,रूढ
रूद्र,2,रूद्र
रूवानी,1,रूवानी
रूस्तम,3,रूस्तम
रे,1,रे
रेंजन,1,रेंजन
रेक,1,रेक
रेजवी,1,रेजवी
रेजा,1,रेजा
रेठवया,1,रेठवया
रेत,1,रेत
रेन,2,रेन
रेयाज,18,रेयाज
रेयाजउदीन,1,रेयाजउदीन
रेयाजउद्दीन,1,रेयाजउद्दीन
रेयाज़,2,रेयाज़
रेयान,1,रेयान
रेयाल,1,रेयाल
रेहान,2,रेहान
रैन,1,रैन
रैयाज,10,रैयाज
रॉउट,1,रॉउट
रॉम,2,रॉम
रॉय,15,रॉय
रोय,1,रोय
रोशन,1,रोशन
रोहित,1,रोहित
रौउट,2,रौउट
रौफ,3,रौफ
रौशन,10,रौशन
रौशा,1,रौशा
र्‌ठैठाकुर,1,र्ठैठाकुर
लइक,1,लइक
लईक,2,लईक
लखंद्र,1,लखंद्र
लखन,2,लखन
लतीफ,43,लतीफ
लतीफ़,2,लतीफ़
लमाबाला,1,लमाबाला
लला,1,लला
लहँरी,1,लहँरी
लहकार,5,लहकार
लहरी,3,लहरी
लहसन,1,लहसन
लहाकर,2,लहाकर
लहेरी,13,लहेरी
लहैरी,9,लहैरी
ला,1,ला
लाईक,1,लाईक
लाम,2,लाम
लाल,1297,लाल
लालमहतौ,1,लालमहतौ
लालहलबाई,1,लालहलबाई
लाला,1,लाला
लिंग,3,लिंग
लुकमान,2,लुकमान
लेकायत,1,लेकायत
लेहरी,1,लेहरी
लोदी,3,लोदी
लोरैनस,1,लोरैनस
लोहर,1,लोहर
लोहाकी,1,लोहाकी
लोहानी,1,लोहानी
लोहार,9,लोहार
लौहार,1,लौहार
व,7,व
वँसी,1,वँसी
वंश,1,वंश
वंशकारी,1,वंशकारी
वंशी,205,वंशी
वंसकारी,1,वंसकारी
वंसल,1,वंसल
वंसी,83,वंसी
वकिल,1,वकिल
वकील,9,वकील
वकुएस,3,वकुएस
वकृ7स,1,वकृस
वक्‌?श,2,वक्श
वक्‌?स,2,वक्स
वक्‌शश,2,वक्शश
वक्‍्श,1,वक््श
वक्‍्स,7,वक््स
वख्श,3,वख्श
वख्स,1,वख्स
वचन,1,वचन
वछ,1,वछ
वजीर,1,वजीर
वजीव,1,वजीव
वजुल्हक,1,वजुल्हक
वट,55,वट
वणवाल,1,वणवाल
वतस,1,वतस
वत्स,2,वत्स
वत्सयायन,1,वत्सयायन
वदूद,3,वदूद
वफ़ा,1,वफ़ा
वरइ,2,वरइ
वरई,13,वरई
वरकात,5,वरकात
वरणवाल,1,वरणवाल
वरमा,7,वरमा
वरसी,1,वरसी
वरेठैथ,1,वरेठैथ
वरैय,8,वरैय
वरैया,1,वरैया
वर्णमाल,1,वर्णमाल
वर्णवाल,32,वर्णवाल
वर्णावाल,1,वर्णावाल
वर्मा,469,वर्मा
वर्मा.,5,वर्मा
वर्मृ,1,वर्मृ
वर॑य,1,वर॑य
वलल्‍्स,1,वलल््स
वलाल,1,वलाल
वली,3,वली
वशर,4,वशर
वशिष्ट,2,वशिष्ट
वशी,1,वशी
वशीर,1,वशीर
वसारत,2,वसारत
वसी,2,वसी
वसीम,15,वसीम
वसीमसिद्धकी,1,वसीमसिद्धकी
वसीर,9,वसीर
वहाब,2,वहाब
वहाव,3,वहाव
वहावे,1,वहावे
वहीद,4,वहीद
वाणी,1,वाणी
वादिक,1,वादिक
वारसा,1,वारसा
वारसि,1,वारसि
वारसी,6,वारसी
वारिक,12,वारिक
वारिके,1,वारिके
वारिस,4,वारिस
वारी,7,वारी
वारीक,13,वारीक
वारीश,2,वारीश
वारेसी,1,वारेसी
वार्नवाल,2,वार्नवाल
वाली,1,वाली
वासरी,1,वासरी
वासिम,5,वासिम
वासीम,1,वासीम
वासुदेव,2,वासुदेव
वासूदेव,1,वासूदेव
वाहव,1,वाहव
वाहिद,13,वाहिद
वाहीद,8,वाहीद
वि,1,वि
विकाश,1,विकाश
विको,1,विको
विक्रम,3,विक्रम
विक्रमा,1,विक्रमा
विघार्थी,1,विघार्थी
विजय,2,विजय
विजेता,2,विजेता
विदयार्थी,1,विदयार्थी
विदास,1,विदास
विद्याब्रत,1,विद्याब्रत
विद्यार्थ,2,विद्यार्थ
विद्यार्थि,2,विद्यार्थि
विद्यार्थी,11,विद्यार्थी
विद्यार्दी,1,विद्यार्दी
विधर्थी,1,विधर्थी
विधा,1,विधा
विधातॉई,1,विधातॉई
विधारती,1,विधारती
विधारर्थि,1,विधारर्थि
विधार्थी,6,विधार्थी
विनस,1,विनस
विनोद,1,विनोद
विपिन,1,विपिन
विपीन,3,विपीन
विभु,1,विभु
विमल,2,विमल
वियोगी,5,वियोगी
विरहोर,9,विरहोर
विरहोरीन,1,विरहोरीन
विरहौर,4,विरहौर
विरहौरीन,1,विरहौरीन
विवेक,1,विवेक
विशकर्मा,32,विशकर्मा
विशक्कर्मा,6,विशक्कर्मा
विशर्कमा,1,विशर्कमा
विशवकर्म,1,विशवकर्म
विशवकर्मा,33,विशवकर्मा
विशव्कर्मा,1,विशव्कर्मा
विश्कर्मा,19,विश्कर्मा
विश्क्रम,1,विश्क्रम
विश्क्रमा,3,विश्क्रमा
विश्व,2,विश्व
विश्वकमा,1,विश्वकमा
विश्वकमार,1,विश्वकमार
विश्वकरमा,1,विश्वकरमा
विश्वकर्म,2,विश्वकर्म
विश्वकर्मा,822,विश्वकर्मा
विश्वकामा,1,विश्वकामा
विश्वकार्म,1,विश्वकार्म
विश्वक्रमा,1,विश्वक्रमा
विश्वरकर्मा,1,विश्वरकर्मा
विश्वर्कमा,2,विश्वर्कमा
विश्वर्मा,1,विश्वर्मा
विश्वाकर्मा,24,विश्वाकर्मा
विश्वूएगकर्मा,1,विश्वूएगकर्मा
विश्वूएाकर्मा,2,विश्वूएाकर्मा
विश्वूदाकर्मा,3,विश्वूदाकर्मा
विश्वृएाकर्मा,1,विश्वृएाकर्मा
विश्वृछाकर्मा,4,विश्वृछाकर्मा
विश्वृदाकर्मा,1,विश्वृदाकर्मा
विश्वृफाकर्मा,2,विश्वृफाकर्मा
विश्व्‌/,1,विश्व्
विश्व्‌0,1,विश्व्
विश्व्‌कर्मा,1,विश्व्कर्मा
विश्व्‌जकर्मा,1,विश्व्जकर्मा
विश्व्‌ाकर्मा,3,विश्व्ाकर्मा
विश्व्‌८,1,विश्व्
विस्कर्मा,11,विस्कर्मा
विस्क्रमा,1,विस्क्रमा
विस्वकर्मा,5,विस्वकर्मा
विस्व्कर्मा,2,विस्व्कर्मा
विहरी,1,विहरी
विहारी,7,विहारी
वीमल,1,वीमल
वीर,7,वीर
वुरिया,1,वुरिया
वृत्र,1,वृत्र
वेगम,1,वेगम
वेलाल,1,वेलाल
वेसर,2,वेसर
वेसरा,2,वेसरा
वैभव,1,वैभव
वैलदार,1,वैलदार
वैलाल,1,वैलाल
वैसरा,2,वैसरा
वौर,1,वौर
व्ट्,1,व्ट्
शंकर,69,शंकर
शकर,1,शकर
शकिब,1,शकिब
शकिल,1,शकिल
शकीब,1,शकीब
शकीर,1,शकीर
शकील,32,शकील
शकीला,1,शकीला
शकुर,32,शकुर
शकूर,9,शकूर
शक्ति,1,शक्ति
शक्रील,1,शक्रील
शगीर,1,शगीर
शदीक,1,शदीक
शदूद,1,शदूद
शप58,1,शप
शफ़ीक्र,4,शफ़ीक्र
शफी,1,शफी
शफीउद्वीन,1,शफीउद्वीन
शफीउल्‍्लाह,1,शफीउल््लाह
शफीक,20,शफीक
शफीर,1,शफीर
शबुदीन,1,शबुदीन
शब्बीर,2,शब्बीर
शब्वीर,7,शब्वीर
शम,1,शम
शमद,7,शमद
शमर,1,शमर
शमशाद,22,शमशाद
शमशुउद्दीन,1,शमशुउद्दीन
शमशुद्दीन,1,शमशुद्दीन
शमशेर,4,शमशेर
शमशैर,16,शमशैर
शमसाद,3,शमसाद
शमसुदीन,2,शमसुदीन
शमसुदुदीन,1,शमसुदुदीन
शमसुदृदीन,1,शमसुदृदीन
शमसुद्दीन,5,शमसुद्दीन
शमसुद्धीन,1,शमसुद्धीन
शमसुद्रीन,1,शमसुद्रीन
शमसुल्हक,1,शमसुल्हक
शमसेर,5,शमसेर
शमा,4,शमा
शमिद,3,शमिद
शमिम,2,शमिम
शमी,2,शमी
शमीम,85,शमीम
शमीय,1,शमीय
शमील,1,शमील
शमौ,1,शमौ
शम्मु,1,शम्मु
शम्स,1,शम्स
शम्सुद्दीन,2,शम्सुद्दीन
शम्सुद्धीन,1,शम्सुद्धीन
शरण,27,शरण
शरणसिंह,1,शरणसिंह
शरन,6,शरन
शरफाराज,1,शरफाराज
शरफुदुदीन,1,शरफुदुदीन
शरफुदृदीन,1,शरफुदृदीन
शरमा,4,शरमा
शराफराज,1,शराफराज
शराम,1,शराम
शरिफ,1,शरिफ
शरीफ,5,शरीफ
शर्की,1,शर्की
शर्फउदीन,2,शर्फउदीन
शर्म,8,शर्म
शर्मना,1,शर्मना
शर्मा,4171,शर्मा
शर्मा',1,शर्मा
शर्माउ,2,शर्माउ
शर्म्मा,1,शर्म्मा
शर्म्रा,1,शर्म्रा
शलाउदीन,2,शलाउदीन
शलीम,5,शलीम
शवज,1,शवज
शवाहा,1,शवाहा
शवीर,1,शवीर
शशि,2,शशि
शशी,3,शशी
शसीम,1,शसीम
शह,6,शह
शहंशाह,2,शहंशाह
शहजद,2,शहजद
शहजाद,10,शहजाद
शहजादा,1,शहजादा
शहनबाज,2,शहनबाज
शहनवाज,11,शहनवाज
शहनाज,1,शहनाज
शहब,1,शहब
शहादत,7,शहादत
शहाब,6,शहाब
शहाबउदीन,2,शहाबउदीन
शहाबुदीन,6,शहाबुदीन
शहाबुद्दीन,3,शहाबुद्दीन
शहाव,2,शहाव
शहिद,3,शहिद
शहीद,6,शहीद
शहु,1,शहु
शाकिब,1,शाकिब
शाकुल,1,शाकुल
शाठि,1,शाठि
शाद,1,शाद
शादव,1,शादव
शादाब,1,शादाब
शादिक,1,शादिक
शादूल,1,शादूल
शान,1,शान
शाबक्स,1,शाबक्स
शाबिर,4,शाबिर
शाबीर,1,शाबीर
शाम,2,शाम
शामदा,1,शामदा
शामिल,1,शामिल
शामील,1,शामील
शारफुद्दीन,1,शारफुद्दीन
शार्दुल,4,शार्दुल
शार्दूल,3,शार्दूल
शार्मा,2,शार्मा
शालिम,1,शालिम
शाव,35,शाव
शाविर,1,शाविर
शावीर,2,शावीर
शास्त्री,13,शास्त्री
शाह,851,शाह
शाह.,22,शाह
शाहजहा,1,शाहजहा
शाहजहाँ,2,शाहजहाँ
शाहजहां,1,शाहजहां
शाहनबाज,1,शाहनबाज
शाहनवाज,4,शाहनवाज
शाहनवाज़,5,शाहनवाज़
शाहनाज,1,शाहनाज
शाहन्साह,1,शाहन्साह
शाहब,1,शाहब
शाहबाज,1,शाहबाज
शाहाब,1,शाहाब
शाहि,1,शाहि
शाहिद,18,शाहिद
शाहिल,2,शाहिल
शाही,26,शाही
शाहीद,14,शाहीद
शाहृबूद,1,शाहृबूद
शा्दुल,1,शा्दुल
शिंग,1,शिंग
शिराज,1,शिराज
शिवकर्मा,1,शिवकर्मा
शिवनाथ,1,शिवनाथ
शुकर,5,शुकर
शुभम,2,शुभम
शुभान,3,शुभान
शेख,38,शेख
शेखर,5,शेखर
शैकुल,3,शैकुल
शैख,2,शैख
शैख़,1,शैख़
शैखावत,1,शैखावत
शैमा,1,शैमा
शैरव,1,शैरव
शैस,2,शैस
शॉ,2,शॉ
शॉ.,3,शॉ
शोएब,3,शोएब
शोहिद,2,शोहिद
शोहेल,2,शोहेल
शौकत,21,शौकत
श्फि,1,श्फि
श्मार्‌,1,श्मार्
श्रम,1,श्रम
श्रा,1,श्रा
श्राआ,1,श्राआ
श्रावण,1,श्रावण
श्विकर्मा,1,श्विकर्मा
श्व्जिफरोश,1,श्व्जिफरोश
स.,2,स
संकूर,1,संकूर
संगम,1,संगम
संगिर,1,संगिर
संजय,1,संजय
संजर,4,संजर
संजार,1,संजार
संतार,1,संतार
संतोष,1,संतोष
संयोगी,2,संयोगी
संसुद्दीन,1,संसुद्दीन
सइद,1,सइद
सईद,12,सईद
सईदी,1,सईदी
सउद,3,सउद
सकसेना,2,सकसेना
सकसैना,1,सकसैना
सकिन्द्र,1,सकिन्द्र
सकिर,1,सकिर
सकिल,3,सकिल
सकीं,1,सकीं
सकीक,2,सकीक
सकीब,1,सकीब
सकीम,2,सकीम
सकीर,3,सकीर
सकील,7,सकील
सकुर,30,सकुर
सकुल,1,सकुल
सकुव,1,सकुव
सकूर,3,सकूर
सकेल,1,सकेल
सक्सेना,6,सक्सेना
सगी,1,सगी
सगीर,38,सगीर
सज,1,सज
सजल,1,सजल
सजवार,1,सजवार
सजाद,1,सजाद
सजित,1,सजित
सजिद,1,सजिद
सजीद,1,सजीद
सज्जन,1,सज्जन
सज्जाद,11,सज्जाद
सज्जादसाह,1,सज्जादसाह
सज्जिफिरोज,1,सज्जिफिरोज
सत,1,सत
सतर,1,सतर
सतार,104,सतार
सतारि,1,सतारि
सतार्र,1,सतार्र
सत्तर,4,सत्तर
सत्तार,32,सत्तार
सत्यम,1,सत्यम
सत्यार्थी,2,सत्यार्थी
सददाम,1,सददाम
सदरुदीन,1,सदरुदीन
सदरूउदीन,1,सदरूउदीन
सदानंद,1,सदानंद
सदान॑,1,सदान॑
सदीक,23,सदीक
सदीकी,1,सदीकी
सदैदेव,1,सदैदेव
सद्दाम,4,सद्दाम
सद्दीक,2,सद्दीक
सद्धाम,3,सद्धाम
सनजर,1,सनजर
सनफराज,1,सनफराज
सनाउदीन,1,सनाउदीन
सनाउल्ला,1,सनाउल्ला
सनाउल्लाह,2,सनाउल्लाह
सनाउल्‍्लाह,5,सनाउल््लाह
सनियासी,1,सनियासी
सनोलारा,1,सनोलारा
सनौवर,2,सनौवर
सन्‍नार,1,सन्नार
सपेरा,11,सपेरा
सपैरा,2,सपैरा
सफर,4,सफर
सफरूद्विन,2,सफरूद्विन
सफा,2,सफा
सफिक,9,सफिक
सफिद,1,सफिद
सफी,3,सफी
सफीउद्दीन,1,सफीउद्दीन
सफीउद्वीन,1,सफीउद्वीन
सफीउल्लाह,2,सफीउल्लाह
सफीउल्‍्लाह,1,सफीउल््लाह
सफीक,18,सफीक
सफीम,2,सफीम
सफेरा,4,सफेरा
सफैदा,1,सफैदा
सब,10,सब
सबजिफरोस,2,सबजिफरोस
सबदानी,1,सबदानी
सबाकरीम,1,सबाकरीम
सबिजफरोस,1,सबिजफरोस
सबिर,1,सबिर
सबीर,17,सबीर
सबुर,1,सबुर
सब्जिफरोस,3,सब्जिफरोस
सब्जिफिरोस,1,सब्जिफिरोस
सब्जिफ्रोस,1,सब्जिफ्रोस
सब्जी,1,सब्जी
सब्जीफरोश,2,सब्जीफरोश
सब्जीफरोस,6,सब्जीफरोस
सब्जीफरौस,1,सब्जीफरौस
सब्ज्जिफिरोस,3,सब्ज्जिफिरोस
सब्बानी,1,सब्बानी
सब्बार,4,सब्बार
सब्बीर,2,सब्बीर
सब्ब्जिफारिम,1,सब्ब्जिफारिम
समद,21,समद
समदान,1,समदान
समदानी,3,समदानी
समशाद,2,समशाद
समशुउदीन,1,समशुउदीन
समशुदीन,3,समशुदीन
समशुद्दीन,1,समशुद्दीन
समशेर,1,समशेर
समशैर,1,समशैर
समशैेर,1,समशैेर
समसाद,5,समसाद
समसी,1,समसी
समसुउद्दीन,1,समसुउद्दीन
समसुदिन,1,समसुदिन
समसुदीन,10,समसुदीन
समसुदृदीन,8,समसुदृदीन
समसुद्दीन,9,समसुद्दीन
समसुद्धीन,1,समसुद्धीन
समसुधीन,1,समसुधीन
समसुल,1,समसुल
समसेर,1,समसेर
समाद,1,समाद
समिन,1,समिन
समी,2,समी
समीउल्लाह,2,समीउल्लाह
समीद,9,समीद
समीम,43,समीम
समीर,4,समीर
सम्राट,1,सम्राट
सम्सुद्दीन,1,सम्सुद्दीन
सयादव,1,सयादव
सर,1,सर
सरअली,1,सरअली
सरकार,1,सरकार
सरज,1,सरज
सरताज,1,सरताज
सरदार,1,सरदार
सरन,6,सरन
सरफराज,23,सरफराज
सरफ़राज,3,सरफ़राज
सरफ़राज़,3,सरफ़राज़
सरफी,1,सरफी
सरफुउद्दीन,1,सरफुउद्दीन
सरफुदीन,6,सरफुदीन
सरफुद्दीन,3,सरफुद्दीन
सरफुहउन,1,सरफुहउन
सरफूदीन,1,सरफूदीन
सरबर,3,सरबर
सरमा,9,सरमा
सरमान,1,सरमान
सरवर,14,सरवर
सराज,13,सराज
सराजउदीन,2,सराजउदीन
सराजउद्दीन,2,सराजउद्दीन
सराफत,2,सराफत
सरिफुद्दीन,1,सरिफुद्दीन
सरीक,1,सरीक
सरीफ,7,सरीफ
सरोज,2,सरोज
सरोजिनी,1,सरोजिनी
सर्फउदीन,1,सर्फउदीन
सर्मा,2,सर्मा
सर्वर,1,सर्वर
सलम,1,सलम
सलाउदीन,6,सलाउदीन
सलाउद्दी,1,सलाउद्दी
सलाउद्दीन,29,सलाउद्दीन
सलाम,50,सलाम
सलामत,6,सलामत
सलामा,1,सलामा
सलालौदृदीन,1,सलालौदृदीन
सलाहउदीन,6,सलाहउदीन
सलाहउदृदीन,3,सलाहउदृदीन
सलाहउद्दीन,3,सलाहउद्दीन
सलाहदृुदीन,1,सलाहदृुदीन
सलाहुदुदीन,3,सलाहुदुदीन
सलिम,2,सलिम
सली,1,सली
सलीम,113,सलीम
सलीमउद्‌दीन,1,सलीमउद्दीन
सलीमशाह,1,सलीमशाह
सलूल,1,सलूल
सलौदीन,1,सलौदीन
सल्हद,1,सल्हद
सव,93,सव
सवण्कॉर,1,सवण्कॉर
सवाव,1,सवाव
सविर,3,सविर
सवीर,4,सवीर
सव्वार,2,सव्वार
ससिंह,2,ससिंह
सस्क्सैना,1,सस्क्सैना
सस्व,1,सस्व
सह,8,सह
सहः,1,सहः
सहजदा,2,सहजदा
सहजहाँ,1,सहजहाँ
सहजाद,8,सहजाद
सहनावाज,1,सहनावाज
सहनी,30,सहनी
सहब,1,सहब
सहबुद,1,सहबुद
सहबुल,1,सहबुल
सहमद,1,सहमद
सहराज,1,सहराज
सहरून,2,सहरून
सहरूम,1,सहरूम
सहा,1,सहा
सहाउदीन,2,सहाउदीन
सहादत,3,सहादत
सहाब,2,सहाब
सहाबउऊदीन,1,सहाबउऊदीन
सहाबुदीन,1,सहाबुदीन
सहाबुद्दीन,3,सहाबुद्दीन
सहाबूदीन,3,सहाबूदीन
सहाय,5,सहाय
सहावउदीन,1,सहावउदीन
सहावुदीन,1,सहावुदीन
सहिद,1,सहिद
सहिद',1,सहिद
सहिम,1,सहिम
सही,1,सही
सहीद,3,सहीद
सहीम,1,सहीम
सहीमउदीन,1,सहीमउदीन
सहुद,2,सहुद
सहुलजान,1,सहुलजान
सहूद,4,सहूद
सहे,1,सहे
सहेल,1,सहेल
सहोब,1,सहोब
साँ,1,साँ
सांझा,1,सांझा
सांय,1,सांय
साई,2,साई
साईं,3,साईं
साईज,1,साईज
साईद,1,साईद
साएक,1,साएक
साकिव,1,साकिव
सागर,7,सागर
सागिर,4,सागिर
सागीर,3,सागीर
साजिद,21,साजिद
साजीद,4,साजीद
सादात,1,सादात
सादिक,10,सादिक
साधू,1,साधू
सानु,1,सानु
साफिर,1,साफिर
साफीक,1,साफीक
साफो,1,साफो
साब,2,साब
साबरी,1,साबरी
साबित,1,साबित
साबिर,40,साबिर
साबीर,23,साबीर
साब्बीर,1,साब्बीर
सामी,1,सामी
सामीर,1,सामीर
साय,2,साय
सालहउदृदीन,1,सालहउदृदीन
सालिक,1,सालिक
सालिम,2,सालिम
साव,11320,साव
सावउ,1,सावउ
सावच,1,सावच
सावस्त्री,2,सावस्त्री
सावा,1,सावा
साविर,17,साविर
सावीर,16,सावीर
सावृ,2,सावृ
साव्‌,1,साव्
सास,1,सास
सास्त्री,1,सास्त्री
साह,235,साह
साह.,35,साह
साहनवाज,1,साहनवाज
साहनी,10,साहनी
साहब,4,साहब
साहबउद्दीन,1,साहबउद्दीन
साहय,1,साहय
साहव,3,साहव
साहवीन,1,साहवीन
साहा,4,साहा
साहिद,3,साहिद
साहिन,1,साहिन
साहिल,2,साहिल
साहीद,1,साहीद
साहु,34,साहु
साहुए,1,साहुए
साहू,36,साहू
साहेब,3,साहेब
साहैब,1,साहैब
साहैव,1,साहैव
सिं,1,सिं
सिंग,104,सिंग
सिंगाह,1,सिंगाह
सिंघ,15,सिंघ
सिंघल,3,सिंघल
सिंघह,1,सिंघह
सिंच,1,सिंच
सिंदुरिया,7,सिंदुरिया
सिंनहा,1,सिंनहा
सिंन्घल,1,सिंन्घल
सिंन्हा,7,सिंन्हा
सिंह,27619,सिंह
सिंह',3,सिंह
सिंह],1,सिंह
सिंहा,35,सिंहा
सिंहि,2,सिंहि
सिंही,1,सिंही
सिकंदर,12,सिकंदर
सिकन्दर,15,सिकन्दर
सिकी,1,सिकी
सिटौ,1,सिटौ
सितंह,1,सितंह
सिताब,1,सिताब
सिदकी,4,सिदकी
सिदिकी,12,सिदिकी
सिदृदकी,2,सिदृदकी
सिद्की,2,सिद्की
सिद्दकी,3,सिद्दकी
सिद्दक्र,2,सिद्दक्र
सिद्दगी,1,सिद्दगी
सिद्दिकी,1,सिद्दिकी
सिद्दीक,5,सिद्दीक
सिद्दीक़,1,सिद्दीक़
सिद्दीकी,10,सिद्दीकी
सिद्धकी,3,सिद्धकी
सिद्धार्थ,1,सिद्धार्थ
सिद्धिक,1,सिद्धिक
सिद्धिकी,4,सिद्धिकी
सिद्धीक,2,सिद्धीक
सिद्धीकी,7,सिद्धीकी
सिनघ,1,सिनघ
सिनह,2,सिनह
सिनहा,24,सिनहा
सिन्घ,1,सिन्घ
सिन्ह,3,सिन्ह
सिन्हा,274,सिन्हा
सिन्हुघ,1,सिन्हुघ
सिन्‍्हया,1,सिन््हया
सिब्य,1,सिब्य
सिमह,1,सिमह
सिया,1,सिया
सिरजूउद्दीन,1,सिरजूउद्दीन
सिराज,2,सिराज
सिराजुद्दीन,1,सिराजुद्दीन
सिव,1,सिव
सिवली,1,सिवली
सिशोदिया,1,सिशोदिया
सिह,165,सिह
सिह.,7,सिह
सिहं,2,सिहं
सिहन्घ,1,सिहन्घ
सी,3,सी
सींह,1,सींह
सीघ,3,सीघ
सुंदर,2,सुंदर
सुखत,1,सुखत
सुग्िकर,1,सुग्िकर
सुघंसु,1,सुघंसु
सुघरी,4,सुघरी
सुघांशु,4,सुघांशु
सुघाड़ी,2,सुघाड़ी
सुघाडी,4,सुघाडी
सुघारी,3,सुघारी
सुजायत,5,सुजायत
सुद,1,सुद
सुदर्शन,2,सुदर्शन
सुदी,2,सुदी
सुदीन,2,सुदीन
सुधरी,21,सुधरी
सुधांशु,1,सुधांशु
सुधाकर,7,सुधाकर
सुधारी,158,सुधारी
सुधाशु,1,सुधाशु
सुधीर,3,सुधीर
सुनैवर,1,सुनैवर
सुन्दर,5,सुन्दर
सुफ़ीयान,1,सुफ़ीयान
सुफियान,5,सुफियान
सुबहान,2,सुबहान
सुभान,48,सुभान
सुभानी,1,सुभानी
सुभाष,2,सुभाष
सुमन,48,सुमन
सुमना,1,सुमना
सुमान,2,सुमान
सुरें,1,सुरें
सुरेंदर,1,सुरेंदर
सुर्नकर,2,सुर्नकर
सुर्निकर,3,सुर्निकर
सुलतान,14,सुलतान
सुलेमान,36,सुलेमान
सुल्तान,10,सुल्तान
सुशिल,3,सुशिल
सुशील,2,सुशील
सुहैल,2,सुहैल
सूफियान,1,सूफियान
सूफी,1,सूफी
सूरखाब,1,सूरखाब
सेकुल,4,सेकुल
सेख,3,सेख
सेजजम,2,सेजजम
सेजाम,2,सेजाम
सेजेम,2,सेजेम
सेठ,4,सेठ
सेठी,1,सेठी
सेरव,2,सेरव
सेराज,7,सेराज
सेराजुददीन,1,सेराजुददीन
सेवातुला,1,सेवातुला
सैकुल,14,सैकुल
सैकूल,1,सैकूल
सैठ,1,सैठ
सैदूल,1,सैदूल
सैन,8,सैन
सैफुल्लाह,4,सैफुल्लाह
सैफुल्हा,1,सैफुल्हा
सैबुल,1,सैबुल
सैयाद,6,सैयाद
सैराज,16,सैराज
सैराजउद्दीन,1,सैराजउद्दीन
सॉनार,1,सॉनार
सोईज,1,सोईज
सोईब,1,सोईब
सोएब,4,सोएब
सोधारी,1,सोधारी
सोनकर,3,सोनकर
सोना,1,सोना
सोनान,1,सोनान
सोनार,52,सोनार
सोनी,2,सोनी
सोनू,5,सोनू
सोनोवर,1,सोनोवर
सोपन,1,सोपन
सोयब,1,सोयब
सोरन,13,सोरन
सोराव,1,सोराव
सोरेंस,1,सोरेंस
सोरेन,62,सोरेन
सोरैन,6,सोरैन
सोलंकी,1,सोलंकी
सोलकी,1,सोलकी
सोहन,1,सोहन
सोहराब,4,सोहराब
सोहराव,1,सोहराव
सोहिक,1,सोहिक
सोहेल,3,सोहेल
सोहैल,4,सोहैल
सौकत,5,सौकत
सौगैर,1,सौगैर
सौनान,1,सौनान
सौनार,17,सौनार
सौफुल,1,सौफुल
सौरभ,7,सौरभ
सौरव,1,सौरव
सौरेन,1,सौरेन
सौलंकी,1,सौलंकी
सौवराती,1,सौवराती
सौहराब,4,सौहराब
सौहराबशाह,1,सौहराबशाह
सौहेल,1,सौहेल
स्किल,2,स्किल
स्टार,1,स्टार
स्तर,1,स्तर
स्म्शुद्दीन,1,स्म्शुद्दीन
स्लिम,1,स्लिम
स्लैम,1,स्लैम
स्लौद्धीन,2,स्लौद्धीन
स्ल्लौदृदीन,1,स्ल्लौदृदीन
स्ल्लौद्धीन,1,स्ल्लौद्धीन
स्व,3,स्व
स्वंकार,1,स्वंकार
स्वपचौरसिया,1,स्वपचौरसिया
स्वरूप,1,स्वरूप
स्वर्णकर,1,स्वर्णकर
स्वर्णकार,73,स्वर्णकार
स्वामी,1,स्वामी
स्साव,1,स्साव
ह,2,ह
ह008त,1,हत
हंशदा,3,हंशदा
हंस,1,हंस
हंस्दा,1,हंस्दा
हअदीन,1,हअदीन
हक,245,हक
हक',28,हक
हक़,91,हक़
हका',1,हका
हकिम,1,हकिम
हकीम,21,हकीम
हकुए,1,हकुए
हजाम,32,हजाम
हजारी,13,हजारी
हतो,2,हतो
हदिस,2,हदिस
हदीश,2,हदीश
हदीस,4,हदीस
हनन,1,हनन
हननान,2,हननान
हनान,9,हनान
हनाम,1,हनाम
हनिफ,2,हनिफ
हनी,1,हनी
हनीपा,1,हनीपा
हनीफ,46,हनीफ
हनीफउद्दीन,1,हनीफउद्दीन
हनीफ़,4,हनीफ़
हफ़ीज़,1,हफ़ीज़
हफिज,2,हफिज
हफिश,1,हफिश
हफीज,15,हफीज
हफीजूल,1,हफीजूल
हबारी,2,हबारी
हबिब,1,हबिब
हबिबुदीन,1,हबिबुदीन
हबिव,3,हबिव
हबीब,30,हबीब
हबीबुर्रहमान,1,हबीबुर्रहमान
हबील,1,हबील
हबीस,1,हबीस
हबुल,1,हबुल
हम,1,हम
हमद,2,हमद
हमायुन,1,हमायुन
हमिद,2,हमिद
हमीद,51,हमीद
हमीर,1,हमीर
हम्ब्रॉम,1,हम्ब्रॉम
हयात,2,हयात
हरिजन,5,हरिजन
हरुन,1,हरुन
हरूण,1,हरूण
हरून,3,हरून
हलक,1,हलक
हलबाई,11,हलबाई
हलवाइ,1,हलवाइ
हलवाई,38,हलवाई
हलिम,9,हलिम
हलीम,33,हलीम
हलुँवाई,1,हलुँवाई
हवारी,19,हवारी
हविव,4,हविव
हवीव,5,हवीव
हशन,1,हशन
हशरत,1,हशरत
हषत,1,हषत
हसद,1,हसद
हसदा,5,हसदा
हसन,206,हसन
हसनरजा,1,हसनरजा
हसनात,3,हसनात
हसनाथ,1,हसनाथ
हसनु,2,हसनु
हसनू,3,हसनू
हसनैन,6,हसनैन
हसमत,1,हसमत
हसरत,3,हसरत
हसिम,1,हसिम
हसीन,3,हसीन
हसीब,19,हसीब
हसीम,2,हसीम
हसीव,1,हसीव
हसैन,1,हसैन
हस्दा,1,हस्दा
हस्सन,3,हस्सन
हस्सिम,1,हस्सिम
हहुद,1,हहुद
हांस्दा,2,हांस्दा
हाकिम,5,हाकिम
हाजरी,1,हाजरी
हाजिम,1,हाजिम
हातिम,2,हातिम
हादी,1,हादी
हानीफ,1,हानीफ
हान्नान,1,हान्नान
हाफिज,6,हाफिज
हाफीज,2,हाफीज
हामान,1,हामान
हामिद,6,हामिद
हायेत,1,हायेत
हारिजनप,1,हारिजनप
हारिश,1,हारिश
हारुन,1,हारुन
हारूण,8,हारूण
हारून,13,हारून
हारूल,1,हारूल
हालिम,3,हालिम
हाशन,1,हाशन
हाशिम,4,हाशिम
हाशीम,1,हाशीम
हासमी,1,हासमी
हासिम,47,हासिम
हासीम,12,हासीम
हिउसैन,1,हिउसैन
हिमांशु,2,हिमांशु
हिमांसु,1,हिमांसु
हीम,1,हीम
हुकार,1,हुकार
हुजमा,2,हुजमा
हुज्जमा,1,हुज्जमा
हुड्डा,1,हुड्डा
हुदा,5,हुदा
हुदुदा,1,हुदुदा
हुमायू,1,हुमायू
हुमायूँ,1,हुमायूँ
हुर्सन,1,हुर्सन
हुसन,9,हुसन
हुसियान,1,हुसियान
हुसेठैन,5,हुसेठैन
हुसेन,29,हुसेन
हुसैठैन,2,हुसैठैन
हुसैन,1321,हुसैन
हुसैनी,3,हुसैनी
हुसैन्घा,1,हुसैन्घा
हुसैर,1,हुसैर
हूएुसैन,1,हूएुसैन
हूसन,1,हूसन
हूसैन,3,हूसैन
हेंब्रम,1,हेंब्रम
हेप्रेम,1,हेप्रेम
हेब्रम,1,हेब्रम
हेब्रोम,2,हेब्रोम
हेमब्रम,1,हेमब्रम
हेमरम,12,हेमरम
हेम्द्रम,3,हेम्द्रम
हेम्प्रद,1,हेम्प्रद
हेम्प्रम,3,हेम्प्रम
हेम्बरम,2,हेम्बरम
हेम्ब्तम,1,हेम्ब्तम
हेम्ब्रम,44,हेम्ब्रम
हेम्ब्रीम,1,हेम्ब्रीम
हेम्ब्रोम,1,हेम्ब्रोम
हेम््रम,1,हेम््रम
हेयात,1,हेयात
हेला,3,हेला
हेलाल,3,हेलाल
हेसरम,1,हेसरम
हैदर,37,हैदर
हैमरम,21,हैमरम
हैमायून,2,हैमायून
हैम्प्रम,1,हैम्प्रम
हैम्बरम,5,हैम्बरम
हैम्ब्रम,6,हैम्ब्रम
हैम्ब्रोम,2,हैम्ब्रोम
हैयत,2,हैयत
हैयात,2,हैयात
हैवारी,1,हैवारी
हैेमरम,1,हैेमरम
हॉस्दा,1,हॉस्दा
होडा,1,होडा
होदा,16,होदा
हौदा,4,हौदा
हौदार,1,हौदार
हौसैनी,1,हौसैनी
ह॒,1,ह॒
ाम,1,ाम
िएसंह,1,िएसंह
्खीं,1,्खीं
्ट,1,्ट
्वबानी,1,्वबानी
््ि,1,््ि
०,1,
०आ,1,आ
०००,2,
०७,1,
१७४,1,
५,1,
५0ुअंसारी,1,ुअंसारी
८,1,
८'पंडीत,1,पंडीत
८(रप्रसाद,1,रप्रसाद
८अंसारी,2,अंसारी
८चौधरी,2,चौधरी
८टूमहतो,1,टूमहतो
८पंडीत,1,पंडीत
८रगोस्वामी,1,रगोस्वामी
८रप्रसाद,5,रप्रसाद
८्रराम,2,्रराम
८्रविदास,1,्रविदास
“राम,1,“राम
