Title,Caste,Religion,Count_of_Voter_ID
यादव,Yadav,N,45506
सिंह,Singh,N,32156
महतो,Mahto,N,25655
राम,Ram,N,20313
मांझी,Manjhi,N,15120
साव,Saw,N,13146
पासवान,Paswan,N,9573
प्रसाद,Prasad,N,9328
मिस्त्री,Mistri,N,8463
चौधरी,Chaudhari,N,7751
मियाँ,Miyan,M,6683
पंडित,Pandit,N,6097
कुमार,Kumar,N,5450
ठाकुर,Thakur,N,4323
रविदास,Ravidas,N,4276
दास,Das,N,3943
राजवंशी,Rajvanshi,N,3893
चौहान,Chauhan,N,3125
शर्मा,Sharma,N,2889
अंसारी,Ansari,M,2369
खान,Khan,M,1886
मांज्ञी,Manjhi,N,1876
लाल,Lal,N,1859
उद्दीन,Uddin,N,1833
मियां,Miyan,M,1780
आलम,Alam,M,1658
राऊत,Raut,N,1586
माझी,Manjhi,N,1551
मोची,Mochi,N,1513
मंडल,Mandal,N,1464
उदीन,Uddin,M,1463
राय,Rai,N,1418
मिया,Miyan,M,1403
खाँ,Khan,M,1372
पाण्डेय,Pande,N,1352
हुसैन,Hussain,M,1328
रजक,Rajak,N,1293
तुरिया,Turia,N,1265
शाह,Shah,M,1231
अली,Ali,M,1172
अहमद,Ahmad,M,1045
पांडे,Pande,N,985
माँझी,Manjhi,N,829
पसाद,Prasad,N,669
रावत,raut,N,634
राउत,Raut,N,596
चौरसिया,Chaurasia,N,565
राजबंशी,Rajvanshi,N,537
खा,Khan,M,479
पांडेय,Pande,N,478
रजवार,Rajwar,N,458
विश्वकर्मा,Vishwakarma,N,428
मिंया,Miyan,M,424
महथा,Mahantha,N,383
खां,Khan,M,374
वंशी,Rajvanshi,N,362
हसन,Hussain,M,360
गोप,Gope,N,358
चौघरी,Chaudhari,N,352
साह,Sahu,N,329
माली,Mali,N,319
देवी,Devi,N,317
हक,Haq,M,316
महाराज,Maharaj,N,299
मांझ्ञी,Manjhi,N,278
मौची,Manjhi,N,274
रहमान,Rahman,M,245
पाण्डे,Pande,N,241
अंसरी,Ansari,M,230
जमादार,Jamadar,N,228
रसीद,Rashid,M,221
मालाकार,Malakar,N,213
सुधारी,Sudhari,N,213
वर्मा,Verma,N,201
रजाक,Rajak,N,190
मोहम्मद,Mohammad,M,188
मोदी,Modi,N,186
सिन्हा,Sinha,N,176
भुला,Bhula,N,174
केवट,Kevat,N,170
भगत,Bhagat,N,170
माझ्ञी,Manjhi,N,169
गुप्ता,Gupta,N,167
मिश्रा,Mishra,N,159
खलिफा,Khalifa,M,153
गनी,Gani,N,151
पासी,Pasi,N,151
भूला,Bhula,N,151
वट,Kevat,N,150
हमीद,Hamid,M,141
अजीज,Aziz,M,140
लतीफ,Latif,M,140
रसुल,Rasul,M,139
सिंग,Sagi,N,139
मलिक,Mallik,N,132
कैवट,Kevat,N,127
मजीद,Mazid,M,122
हनीफ,Hanif,M,122
राज,Raj,N,115
सकुर,Sakur,N,110
धोबी,Dhobi,N,109
माहतो,Mahto,N,107
खलील,Khalil,M,103
पसी,Pasi,N,102
मनान,Manan,N,102
मोहमद,Mohammad,M,102
ठठेरा,Thathera,N,101
हलीम,Halim,M,99
गफार,Gaffar,M,95
यासीन,Yasin,M,95
मेहता,Mehta,N,94
सुभान,Subhan,N,93
माज्ञी,Manjhi,N,92
मॉँझी,Manjhi,N,92
मंणाझी,Manjhi,N,91
रशीद,Rashid,M,90
स्वर्णकार,Swarnakar,N,89
डोम,Dom,N,88
कंसारी,Kansari,M,87
माहतों,Mahto,N,85
राजबन्सी,Rajvanshi,N,85
सतार,Satar,N,85
सिह,Sahi,N,85
बंशी,Vanshi,N,84
पाठक,Pathak,N,83
बक्स,Baksh,N,81
माँज्ञी,Manjhi,N,80
वंसी,Vanshi,N,80
महतौ,Mahto,N,79
इसहाक,Ishaq,N,76
गिरी,Gari,N,76
अऊउडीन,Alauddin,M,75
गोस्वामी,Goswami,N,75
महराज,Maharaj,N,74
सोनार,Sonar,N,74
करीम,Karim,M,73
तांती,Tato,N,73
रफीक,Rafiq,M,73
सदीक,Sadiq,M,73
उस्मान,Usman,M,72
त्रिपाठी,Tripathi,N,72
कमलेश,Kamlesh,N,71
खातून,Khatun,M,71
शमीम,Shamim,M,71
हासिम,Hasmi,M,71
कैवत,Kevat,N,66
ताती,Tato,N,66
नारायण,Narayan,N,66
मुसहर,Mushar,N,65
साह.,Sahu,N,65
ताति,Tato,N,63
जब्बार,Zabbar,M,62
जमाल,Jamaal,M,62
महती,Mahto,N,62
तिवारी,Tiwari,N,60
झा,Jha,N,59
ठठैरा,Thathera,N,59
सोरेन,Soren,N,59
इस्तियाक,Istiyaq,M,58
खलीफा,Khalifa,M,58
गफुर,Gaffar,M,58
राजवंसी,Rajvanshi,N,58
राजवार,Rajvar,N,58
हजारी,Hazari,N,58
तॉती,Tato,N,57
रऊफ,Rauf,N,57
तुरीय,Turia,N,56
बरई,Barhi,N,56
उपाध्याय,Upadhyay,N,55
कलाम,Kalam,M,54
मुस्लिम,Muslim,M,54
युसुफ,Yusuf,M,54
राज्वंशी,Rajvanshi,N,54
असलम,Aslam,M,53
गफूर,Gafur,M,53
तवारक,Tavarak,M,53
नेजाम,Nizam,M,52
नोनियाँ,Noniya,N,52
महातो,Mahto,N,52
महृथा,Mahantha,N,52
कैसर,Kaiser,N,51
सिंह',Sahi,N,51
हलवाई,Halwai,N,51
खादिम,Khadmi,M,50
नौशाद,Naushad,M,50
शमशैर,Shamsher,M,50
अरमान,Arman,M,49
इदरीस,Idris,N,49
गौस्वामी,Goswami,N,49
रंजन,Ranjan,N,49
वहीद,Wahid,M,49
शकुर,Shakur,N,49
सहनावाज,Shahnavaz,M,49
टेलर्‌,Tailor,N,48
ब्रिचा,Vricha,N,48
रविदाश,Ravidas,N,48
रहीम,Rahim,N,48
वासिम,Wasim,M,48
शरण,Sharan,N,48
तुरीया,Turia,N,47
पण्डित,Pandit,N,47
मरहम,Marham,N,47
मालिक,Mallik,N,47
मॉझी,Manjhi,N,47
रवि,Ravidas,N,47
शाहनवाज़,Shahnavaz,M,47
असरफ,Ashraf,M,46
नट,nat,N,46
हजाम,Hazam,N,46
अख्तर,Akhtar,M,45
इसराईल,Israel,N,45
कलीम,Kalim,M,45
दैवी,Devi,N,45
फादर,Father,N,45
हबीब,Habib,M,45
उल्लाह,Allah,M,44
फरीद,Farid,M,44
मरान्डी,Marandi,N,44
मिश्त्री,Mistri,N,44
मिश्री,Mistri,N,44
ट्ए,Others,N,43
फैजुल्लाह,Faizullah,M,43
खैर,Khair,N,42
गफ्फार,Gaffar,M,42
तौहीद,Tauhid,M,42
दयाल,Dayal,N,42
मदहुम,Madhum,N,42
मराडी,Marandi,N,42
लहेरी,Laheri,N,41
हैदर,Haider,M,41
कमरूउद्दीन,Kamaruddin,M,40
खुर्शीद,Khursheed,M,40
रबिदास,Ravidas,N,40
लईक,Laik,N,40
विश्वाकर्मा,Vishwakarma,N,40
शफीक,Shafiq,M,40
आर्य,Arya,N,39
कयुम,Kayum,N,39
इदरीश,Idrish,N,38
उमर,Umar,N,38
एकराम,Ekram,N,38
नायक,Nayak,N,38
पंडीत,Pandit,N,38
पाड़ेंय,Pande,N,38
पुरी,Puri,N,38
भारती,Bharti,N,38
शेख,Sheikh,M,38
सलीम,Salim,M,38
हैमरम,Hembram,N,38
उद्धीन,Uddin,N,37
कुशवाहा,Kushwaha,N,37
प्रभाकर,Prabhakar,N,37
याकुब,Yaqub,M,37
वारीक,Varik,N,37
हक',Haq,M,37
अब्बास,Abbas,M,36
कबीर,Kabir,N,36
ठाकूर,Thakur,N,36
बच्चन,Bachchan,N,36
बारिक,Barik,N,36
मोआरीफ,Muarif,N,36
रमानी,Ramani,N,36
शाह.,Shah,N,36
अफजल,Afzal,M,35
इब्राहीम,Ibrahim,M,35
कुरैशी,Quraisi,M,35
नबी,Nabi,M,35
नोनीया,Noniya,N,35
मिश्र,Mishra,N,35
मिसत्री,Mistri,N,35
सौकत,Saukat,N,35
हनान,Hanan,N,35
चन्द्रवंशी,Chandrawanshi,N,34
जाफर,Zafar,M,34
ततवा,Tatwa,N,34
मुर्तुजा,Murtaza,M,34
मुस्लीम,Muslim,M,34
रमजान,Ramzan,M,34
सव,Saw,N,34
सहनी,Sahni,N,34
गौरव,Gaurav,N,33
चमारी,Chamari,N,33
फसीउदीन,Fasiuddin,M,33
माहती,Mahto,N,33
मुला,Mula,N,33
मुस्तफा,Mustafa,M,33
रसूल,Rasul,M,33
सगीर,Sageer,N,33
राजबार,Rajbar,N,32
वारिक,Varik,N,32
सराज,Saraj,N,32
सुघरी,Sughri,N,32
इसमाईल,Ismail,M,31
तरून,Tarun,N,31
मुहम्मद,Mohammad,N,31
वक्‍्स,Baksh,N,31
सुलेमान,Suleman,M,31
उसमान,Usman,M,30
खुरशीद,Khursheed,M,30
चंद्रवंशी,Chandrawanshi,N,30
दुसाध,Dusadh,N,30
प्रजापती,Prajapati,N,30
माझ्ी,Manjhi,N,30
मुनअम,Moam,M,30
मो.,Mo,M,30
वाहिद,Wahid,N,30
साहू,Sahu,N,30
आसीन,Aasin,M,29
दूसाध,Dusadh,N,29
पाफिज,Hafiz,M,29
भुईयां,Bhuinya,N,29
विशकर्मा,Vishwakarma,N,29
साहु,Sahu,N,29
सिंघ,Singh,N,29
हक़,Haq,M,29
आबदीन,Abdin,M,28
इद्रीस,Idrish,N,28
उददीन,Uddin,M,28
एहसान,Ehsan,N,28
तखोँ,Takhan,M,28
नईम,Naim,N,28
यकुब,Yaub,M,28
शरन,Sharan,N,28
साबिर,Shabir,M,28
हलबाई,Halwai,N,28
अन्‍्सारी,Ansari,N,27
अलाउद्दीन,Alauddin,N,27
गयास,Gayas,N,27
जाहिद,Zahid,M,27
माहतौ,Mahto,N,27
मुल्लह,Mula,N,27
रजबार,Rajbar,N,27
राजबंसी,Rajvanshi,N,27
वसारत,Vasarat,N,27
विशवकर्मा,Vishwakarma,N,27
शरिफ,Sharif,N,27
इज़हार,Izhar,M,26
जरराह,Zarah,N,26
परसाद,Prasad,N,26
यासिन,Yasin,N,26
इकराम,Iqram,N,25
इलियास,Ilyas,N,25
जमाराद,Jamadar,N,25
टुडू,Tudu,N,25
प्रकाश,Prakash,N,25
मजिद,Mazid,M,25
मरहुम,Marhum,N,25
यादप,Yadav,N,25
य्दव,Yadav,N,25
शाव,Saw,N,25
सत,Sat,N,25
समद,Samad,N,25
सलाम,Salam,N,25
साहनी,Sahni,N,25
हेम्ब्रम,Hembram,N,25
कर्मा,Qarma,N,24
खुरसीदआलम,Khursheed,N,24
ताँती,Tati,N,24
दुसाद्य,Dushad,N,24
बकश,Baksh,N,24
मोहसीन,Mohsin,M,24
युनुस,Yunus,M,24
राजबशी,Rajvanshi,N,24
हुसेन,Hussain,M,24
हुसैनी,Hussaini,M,24
इलयास,Ilyas,M,23
कमाल,Qamal,N,23
छुसिंह,Chusih,N,23
टेलर,Tailor,N,23
तमौली,Tamauli,N,23
देव,Deve,N,23
राईन,Rain,N,23
वरई,Varik,N,23
व्ट्,Vat,N,23
शौकत,Shaukat,N,23
अलि,Ali,M,22
इसलाम,Islam,M,22
कुंजरा,Kunjra,M,22
कुदूस,Qudus,N,22
कृयूम,Quyum,N,22
केवत,Kevat,N,22
खाजेनुर,Khajenur,M,22
खातुन,Khatun,M,22
तमोली,Tamoli,N,22
नसीम,Nasim,M,22
निसार,Nasir,M,22
मंठाझी,Manjhi,N,22
महता,Mahto,N,22
यदाव,Yadav,N,22
शमिद,Shamid,M,22
इबरार,Ibrar,M,21
घटवार,Ghatwar,N,21
तांति,Tati,N,21
पारमांज्ञी,Manjhi,N,21
पिठौरी,Pathauri,N,21
फ़रीद,Farid,M,21
भुइयां,Bhuiyan,N,21
सुधरी,Sughri,N,21
अलीम,Alim,M,20
आजाद,Azad,N,20
इस्लाम,Islam,M,20
जाकिर,Zakir,N,20
नजीर,Nazir,M,20
मालाकर,Malakar,N,20
मिसरा,Mishra,N,20
मुनी,Muni,N,20
मुमताज,Mumtaz,N,20
रहमन,Rehman,N,20
रामदिया,Ramdiya,N,20
वकील,Waqeel,N,20
वजीर,Wazir,N,20
समसुदीन,Samsuddin,N,20
सहूद,Sahud,N,20
सिदकी,Siddiqi,M,20
सैराज,Sairaj,N,20
हासीम,Hasim,N,20
इम्तेयाज,Imtiyaz,M,19
एकबाल,Iqbal,M,19
ख़ातुन,Khatun,N,19
नवीन,Navin,N,19
माजझी,Manjhi,N,19
मीया,Miyan,M,19
मुस्तफ़ा,Mustafa,M,19
मोखतार,Mokhtar,M,19
रज्जाक,Razzak,M,19
राशीद,Rashid,M,19
शाहीद,Shahid,M,19
हफीज,Hafiz,M,19
अजीम,Azim,M,18
अन्सारी,Ansari,M,18
अल्लाऊद्दीन,Alauddin,M,18
गिलानी,Gilani,M,18
दुसिंह,Dushih,N,18
नवी,Navi,N,18
फरोश,Farosh,N,18
भुइया,Bhuiyan,N,18
भुल्ला,Bhulla,N,18
मंजूर,Manjoor,M,18
मनन,Manan,N,18
मन्‍नान,Manan,N,18
मराण्डी,Marandi,N,18
मुरमु,Murmu,N,18
यादवि,Yadav,N,18
रमनु,Ramani,N,18
रविदस,Ravidas,N,18
सत्तार,Sattar,N,18
सरफुदीन,Sarfuddin,M,18
साय,Sau,N,18
अखतर,Akhtar,M,17
आजम,Azam,M,17
इस्माइल,Ismail,M,17
कान्दू,Kandu,N,17
छिएसह,Singh,N,17
छुयादव,Yadav,N,17
जहीर,Zahir,M,17
तंछाति,Tantacha,N,17
नोनिया,Noniya,N,17
मरहूम,marhum,M,17
मित्राजल,Others,N,17
मुसलिम,Muslim,M,17
युसुफु,Yusuf,M,17
राणे,Rane,N,17
वरकात,Varkat,N,17
शब्वीर,Sabbir,M,17
शहाबुद्दीन,Shahabuddin,M,17
शाही,Shahi,N,17
सकीक,Saqik,M,17
सरन,Saran,N,17
सिद्दीकी,Siddiqi,M,17
सोरन,Soren,N,17
कुदुस,Kutus,N,16
जान,Jaan,N,16
जीलानी,Gilani,M,16
ठमहतों,Mahto,N,16
तूरिया,Turia,N,16
तॉिती,Tati,N,16
भूइयाँ,Bhuiyan,N,16
मंसुरी,Mansuri,N,16
मतीन,Matin,N,16
मिसयान,Masiyan,N,16
मिस्ट्री,Mistri,N,16
मूला,Mula,M,16
मोईन,Moin,M,16
मोख्तार,Mokhtar,M,16
याकृब,Yaqub,N,16
यूनूस,Yunus,N,16
रॉय,Rai,N,16
सपेरा,Sapera,N,16
सफिक,Safiq,N,16
सिन्ह,Singh,N,16
हकीम,Haqim,N,16
हवीव,Habib,M,16
हालिम,Halim,M,16
अज़ीज़,Aziz,M,15
इसराइल,Ismail,M,15
गफफार,Gaffar,M,15
छेमहतों,Mahto,N,15
निराला,Nirala,N,15
प्रवेज,Parvez,N,15
भूषण,Bhushan,N,15
मानन,Manan,N,15
यदय,Yadav,N,15
रउफ,Rauf,N,15
रवानी,Ravani,N,15
राइन,Rain,N,15
व,V,N,15
विश्वूएाकर्मा,Vishwakarma,N,15
शंकर,Shankar,N,15
सलामत,Salamat,N,15
अलीं,Ali,N,14
आबीदीन,Abidin,N,14
आवदीन,Others,N,14
आशीक,Others,N,14
कादरी,Others,N,14
कुमारी,Others,N,14
गुलाम,Others,N,14
घोवी,Others,N,14
तबारक,Others,N,14
तसलीम,Others,N,14
दुसाद,Others,N,14
बकास,Others,N,14
बारीक,Others,N,14
बिहारी,Others,N,14
मंझो,Others,N,14
महूथा,Others,N,14
मित्री,Others,N,14
मुर्मू,Others,N,14
मोइन,Others,N,14
मौचो,Others,N,14
लतीफ़,Others,N,14
लहरी,Others,N,14
विस्कर्मा,Others,N,14
शाठि,Others,N,14
समीम,Others,N,14
सहाबूदीन,Others,N,14
सिह.,Others,N,14
हुसन,Others,N,14
हेमरम,Others,N,14
अज़ीम,Others,N,13
अनजार,Others,N,13
आबीदन,Others,N,13
जानखाँ,Others,N,13
नवीजान,Others,N,13
नाजम,Others,N,13
नाबीना,Others,N,13
नि्नर,Others,N,13
फैजुलाह,Others,N,13
बख्श,Others,N,13
मं0ाझी,Others,N,13
मुखतार,Others,N,13
मूसा,Others,N,13
मेराज,Others,N,13
मैहता,Others,N,13
मोकिम,Others,N,13
मोहममद,Others,N,13
रंगरेज,Others,N,13
रईस,Others,N,13
रामा,Others,N,13
विश्वूएगकर्मा,Others,N,13
विश्वूदाकर्मा,Others,N,13
शकील,Others,N,13
स.,Others,N,13
अजांर,Others,N,12
इकबाल,Others,N,12
इसाक,Others,N,12
खलीना,Others,N,12
घोबी,Others,N,12
चंद,Others,N,12
छोटा,Others,N,12
जहाँगीर,Others,N,12
टसाव,Others,N,12
तूतिया,Others,N,12
पटेल',Others,N,12
फरोस,Others,N,12
बरातन,Others,N,12
बहादुर,Others,N,12
भुईया,Others,N,12
मतों,Others,N,12
म्यिया,Others,N,12
याग्वट,Others,N,12
रमा,Others,N,12
रसिद,Others,N,12
राजवशी,Others,N,12
वुरिया,Others,N,12
श्रम,Others,N,12
सलाउदीन,Others,N,12
इक्राम,Others,N,11
इमाम,Others,N,11
इवराहिम,Others,N,11
उद्यीन,Others,N,11
उसमाल,Others,N,11
कमल,Others,N,11
कहार,Others,N,11
गिरि,Others,N,11
जकीर,Others,N,11
टूमहतो,Others,N,11
तंठ्ाति,Others,N,11
दिक्लीत,Others,N,11
फरौस,Others,N,11
बकस,Others,N,11
मंसूरी,Others,N,11
मुस्ताक,Others,N,11
यदव,Others,N,11
राजवी,Others,N,11
रियाज़,Others,N,11
लोदी,Others,N,11
वकुएस,Others,N,11
वख्श,Others,N,11
शुभान,Others,N,11
सत्तर,Others,N,11
सावृ,Others,N,11
अजहर,Others,N,10
अनीस,Others,N,10
अब्दुल,Others,N,10
अयुव,Others,N,10
अरोज,Others,N,10
अहसन,Others,N,10
आफताब,Others,N,10
इमरान,Others,N,10
इलताफ,Others,N,10
ईल्यास,Others,N,10
उद्बीन,Others,N,10
उब्दीन,Others,N,10
ऐनुल,Others,N,10
ऐनुलहक,Others,N,10
कमरूदृदीन,Others,N,10
कुमर,Others,N,10
कुम्हार,Others,N,10
कृशयुम,Others,N,10
गोस्वमी,Others,N,10
ग्यास,Others,N,10
चौधारी,Others,N,10
टैलर,Others,N,10
तोहीद,Others,N,10
दर्जी,Others,N,10
नौनिया,Others,N,10
परवेज,Others,N,10
पाशवान,Others,N,10
पुरुषोत्तम,Others,N,10
बकुएस,Others,N,10
मरांडी,Others,N,10
यदावू,Others,N,10
रजा,Others,N,10
वरैय,Others,N,10
वर्णवाल,Others,N,10
वासुदेव,Others,N,10
वाहीद,Others,N,10
शाद,Others,N,10
शाहिद,Others,N,10
सरोज,Others,N,10
सिवली,Others,N,10
सौहराब,Others,N,10
हेला,Others,N,10
आकुव,Others,N,9
आवीद,Others,N,9
इन्द्रीश,Others,N,9
इशाक,Others,N,9
इसरायल,Others,N,9
चोएँघरी,Others,N,9
छोट,Others,N,9
जलाल,Others,N,9
जियाउरहमान,Others,N,9
देवर,Others,N,9
धमनी,Others,N,9
धौबी,Others,N,9
नइमी,Others,N,9
नफीस,Others,N,9
पंण्डित,Others,N,9
पाल,Others,N,9
फठक,Others,N,9
फारूक,Others,N,9
बकृ7स,Others,N,9
मडंल,Others,N,9
माँजञी,Others,N,9
मिस्न्‍नी,Others,N,9
मोइजउद्दीन,Others,N,9
यूनुस,Others,N,9
रज़क़,Others,N,9
रज़ाक,Others,N,9
लोहार,Others,N,9
वारी,Others,N,9
विश्कर्मा,Others,N,9
शरीफ,Others,N,9
शाबीर,Others,N,9
संजर,Others,N,9
सकील,Others,N,9
समाद,Others,N,9
सहाय,Others,N,9
हसीब,Others,N,9
हैम्बरम,Others,N,9
हैम्ब्रम,Others,N,9
असारी,Others,N,8
आतिग,Others,N,8
आरिफ,Others,N,8
आवेदीन,Others,N,8
इक़बाल,Others,N,8
इजहार,Others,N,8
इरकी,Others,N,8
इस्राइल,Others,N,8
उल्ला,Others,N,8
कमरुदीन,Others,N,8
कासीम,Others,N,8
क्‌7यूम,Others,N,8
गोसाई,Others,N,8
चोधरी,Others,N,8
जलील,Others,N,8
जाहीर,Others,N,8
डॉम,Others,N,8
ताँति,Others,N,8
नगारी,Others,N,8
नजम,Others,N,8
नाथझा,Others,N,8
निशा,Others,N,8
पजीलत,Others,N,8
पांडित,Others,N,8
बक्श,Others,N,8
बखस,Others,N,8
बराती,Others,N,8
भुईयाँ,Others,N,8
मंणाझ्ञी,Others,N,8
मतिन,Others,N,8
मरण्डी,Others,N,8
मांझ,Others,N,8
माॉँझी,Others,N,8
युनु,Others,N,8
रवीदास,Others,N,8
राज्वंसी,Others,N,8
राणा,Others,N,8
रामस्त,Others,N,8
शाम,Others,N,8
शास्त्री,Others,N,8
सरमान,Others,N,8
सिंच,Others,N,8
सिंदुरिया,Others,N,8
सिकी,Others,N,8
सैयाद,Others,N,8
सौनार,Others,N,8
स्व,Others,N,8
हारून,Others,N,8
काज़ीम,Others,N,7
कारूमलीक,Others,N,7
कुदरत,Others,N,7
क्यूम,Others,N,7
खालीक,Others,N,7
गोस्व,Others,N,7
चकौर,Others,N,7
चाँद,Others,N,7
चूल्हे,Others,N,7
चोएँधरी,Others,N,7
जसीम,Others,N,7
तुरी,Others,N,7
दस,Others,N,7
दूसाघ,Others,N,7
नाजिम,Others,N,7
पलटन,Others,N,7
प्रजापति,Others,N,7
बक्सा,Others,N,7
बरैय,Others,N,7
मंछाझ्ञी,Others,N,7
मडल,Others,N,7
माँझञी,Others,N,7
मिस्त्र,Others,N,7
मिस्ननी,Others,N,7
मुदन,Others,N,7
मो०,Others,N,7
मोौची,Others,N,7
रज़ाक़र,Others,N,7
रफिद,Others,N,7
रब्बानी,Others,N,7
वरइ,Others,N,7
वियोगी,Others,N,7
शकूर,Others,N,7
सब्ज्जिफिरोस,Others,N,7
सलाहउदृदीन,Others,N,7
सहजाद,Others,N,7
सहमद,Others,N,7
सावीर,Others,N,7
सैठ,Others,N,7
हतो,Others,N,7
हसदा,Others,N,7
हाफिज,Others,N,7
हेम्बरम,Others,N,7
हेसरम,Others,N,7
होदा,Others,N,7
अनवर,Others,N,6
असगर,Others,N,6
आलमगीर,Others,N,6
इद्रिश,Others,N,6
इम्तियाज,Others,N,6
इराकी,Others,N,6
इशुक,Others,N,6
उष्माण,Others,N,6
कादिर,Others,N,6
कासिम,Others,N,6
किशोर,Others,N,6
चोरसीया,Others,N,6
छगुप्ता,Others,N,6
जमदार,Others,N,6
टुल्‍्ला,Others,N,6
ठिएसह,Others,N,6
त,Others,N,6
तुल्लाह,Others,N,6
नाथ,Others,N,6
नूर,Others,N,6
प्रवैज,Others,N,6
प्रेसाद,Others,N,6
फैयाजउद्दीन,Others,N,6
बदुद,Others,N,6
बाबा,Others,N,6
भला,Others,N,6
महन्झी,Others,N,6
महातौ,Others,N,6
मियान,Others,N,6
मीयन,Others,N,6
मुर्तजा,Others,N,6
मुसिल्म,Others,N,6
मो,Others,N,6
मोबारक,Others,N,6
मौबारक,Others,N,6
याकुव,Others,N,6
रहिम,Others,N,6
रहुफ़,Others,N,6
रावन,Others,N,6
रियाज,Others,N,6
विरहोर,Others,N,6
विश्व्‌कर्मा,Others,N,6
विश्व्‌ाकर्मा,Others,N,6
शुकर,Others,N,6
सामीर,Others,N,6
सिद्धीकी,Others,N,6
सुमान,Others,N,6
हलवाइ,Others,N,6
हारूण,Others,N,6
हैयत,Others,N,6
अकबर,Others,N,5
अकैला,Others,N,5
अमीर,Others,N,5
अयूब,Others,N,5
इम्तियाज़,Others,N,5
इरसा,Others,N,5
इस्तेयाक्,Others,N,5
ईमाम,Others,N,5
ईसमाईल,Others,N,5
ईसा,Others,N,5
उधीन,Others,N,5
उलह,Others,N,5
उ्दिदिह,Others,N,5
कांदु,Others,N,5
किस्कू,Others,N,5
कौसर,Others,N,5
क्रय्यूम,Others,N,5
खल्लाक,Others,N,5
खालिद,Others,N,5
गन्‍नी,Others,N,5
गफ़ूर,Others,N,5
चांद,Others,N,5
चुडीफरोस,Others,N,5
चुल्हनर,Others,N,5
चौरसीया,Others,N,5
जकिर,Others,N,5
जबवार,Others,N,5
जिन्‍नाह,Others,N,5
जुमाई,Others,N,5
टेलर्स,Others,N,5
दृदीन,Others,N,5
नविबक्स,Others,N,5
नव्वार,Others,N,5
नायन,Others,N,5
पूरी,Others,N,5
प्रपसाद,Others,N,5
भुइयाँ,Others,N,5
मकबूल,Others,N,5
मझ,Others,N,5
मध्या,Others,N,5
महृतौ९,Others,N,5
माँ,Others,N,5
माथो,Others,N,5
मार,Others,N,5
मिसी,Others,N,5
मुन्शी,Others,N,5
मुहमद,Others,N,5
मौदी,Others,N,5
याक्ुऔब,Others,N,5
रायरावत,Others,N,5
वक्‌?स,Others,N,5
शहाब,Others,N,5
शहाबउदीन,Others,N,5
सफर,Others,N,5
सफीक,Others,N,5
सिकंदर,Others,N,5
सैकुल,Others,N,5
सोरैन,Others,N,5
सौरभ,Others,N,5
हफिश,Others,N,5
हाशन,Others,N,5
अंदुलीव,Others,N,4
अख्तार,Others,N,4
अफ़ज़ल,Others,N,4
अयुब,Others,N,4
अरीफ,Others,N,4
अलीजान,Others,N,4
अलीजानउद्दीन,Others,N,4
अल्लौदृदीन,Others,N,4
अशरफ,Others,N,4
अहकद,Others,N,4
आलाम,Others,N,4
आशिक,Others,N,4
इद्रीश,Others,N,4
इनतियाज,Others,N,4
इशमाईल,Others,N,4
ईसराइल,Others,N,4
ईसराईल,Others,N,4
उदिन,Others,N,4
उद्विन,Others,N,4
कबीरदउदृदीन,Others,N,4
कमरुदृदीन,Others,N,4
कुदुश,Others,N,4
कुदृदुस,Others,N,4
कुर्मी,Others,N,4
गिर,Others,N,4
चैधरी,Others,N,4
चौधग्री,Others,N,4
चौरिसिया,Others,N,4
जनी,Others,N,4
जवाँ,Others,N,4
जाब्बार,Others,N,4
जाहिर,Others,N,4
जिलानी,Others,N,4
जुम्मन,Others,N,4
झां,Others,N,4
ठि,Others,N,4
ठिएसंह,Others,N,4
ठुअंसारी,Others,N,4
तनती,Others,N,4
तस्लीम,Others,N,4
तुतीय,Others,N,4
दाउद,Others,N,4
दिपक,Others,N,4
धनिमंज्ञी,Others,N,4
नंदन,Others,N,4
नासिंह,Others,N,4
पती,Others,N,4
पहराज,Others,N,4
पाण्डेण्य,Others,N,4
पासवाना,Others,N,4
प्रासद,Others,N,4
बबलू,Others,N,4
बहाब,Others,N,4
बहुद,Others,N,4
बिरोहर,Others,N,4
मंज़ूर,Others,N,4
मणि,Others,N,4
मरन्डी,Others,N,4
माजझ्ञी,Others,N,4
मुर्म,Others,N,4
मोखोँ,Others,N,4
मोजाहिद,Others,N,4
मोर्य,Others,N,4
मौकीम,Others,N,4
र,Others,N,4
रफ़ीक,Others,N,4
रबी,Others,N,4
रही,Others,N,4
राम],Others,N,4
रामजनी,Others,N,4
रौशन,Others,N,4
लहकार,Others,N,4
विश्वृएाकर्मा,Others,N,4
शमद,Others,N,4
संगिर,Others,N,4
सब्जीफरोस,Others,N,4
समशुदीन,Others,N,4
समसुधीन,Others,N,4
सलाउद्दीन,Others,N,4
सहाब,Others,N,4
सहीद,Others,N,4
सादिक,Others,N,4
साविर,Others,N,4
साव्‌,Others,N,4
साहव,Others,N,4
साहवीन,Others,N,4
साहिद,Others,N,4
साहेब,Others,N,4
सिनहा,Others,N,4
सुदीन,Others,N,4
सुमन,Others,N,4
सेजजम,Others,N,4
सोना,Others,N,4
सौरेन,Others,N,4
हबिबुदीन,Others,N,4
हबीस,Others,N,4
अंजुम,Others,N,3
अंजूम,Others,N,3
अकेला,Others,N,3
अरशद,Others,N,3
अल्लाउदिंदन,Others,N,3
असरफा,Others,N,3
असांरी,Others,N,3
आनंद,Others,N,3
आशिफ,Others,N,3
इब्राहिम,Others,N,3
इरफ़ान,Others,N,3
इश्तियाक,Others,N,3
इसताक,Others,N,3
ईशराईल,Others,N,3
उद्दिन,Others,N,3
कमरुदुदीन,Others,N,3
कयूम,Others,N,3
किसान,Others,N,3
कुंदन,Others,N,3
कुददुस,Others,N,3
कुमा,Others,N,3
कृमार,Others,N,3
खल्‍्लाह,Others,N,3
खालीद,Others,N,3
खालीफ,Others,N,3
गोपाल,Others,N,3
चोघरी,Others,N,3
चौरसया,Others,N,3
छुमियां,Others,N,3
जमालुद्दीन,Others,N,3
जववार,Others,N,3
जव्बार,Others,N,3
झुला,Others,N,3
तबरेज,Others,N,3
तेरिया,Others,N,3
दम,Others,N,3
दमांझी,Others,N,3
नसार,Others,N,3
पहाड़ी,Others,N,3
प्रजापत,Others,N,3
फरोज,Others,N,3
फारुक,Others,N,3
फ़िरोज़,Others,N,3
बकील,Others,N,3
बसीर,Others,N,3
बिरहोर,Others,N,3
मम्मट,Others,N,3
मयाँ,Others,N,3
मल्लिक,Others,N,3
महताब,Others,N,3
महतोठि,Others,N,3
महत्रो,Others,N,3
महोत,Others,N,3
मिर्ज़ा,Others,N,3
मिस,Others,N,3
मिस्नन्‍्नी,Others,N,3
मिस्री,Others,N,3
मीयान,Others,N,3
मुन्नान,Others,N,3
मूर्ति,Others,N,3
मोइनउदीन,Others,N,3
मोझ्ञी,Others,N,3
मोनाजिर,Others,N,3
मोबीन,Others,N,3
म्रांझी,Others,N,3
याद,Others,N,3
रना,Others,N,3
रिजवान,Others,N,3
रेयाजउद्दीन,Others,N,3
वसीर,Others,N,3
वाहव,Others,N,3
विरहौरीन,Others,N,3
शहजादा,Others,N,3
सज,Others,N,3
सज्जाद,Others,N,3
सद्दीक,Others,N,3
सनाउल्‍्लाह,Others,N,3
समसाद,Others,N,3
समसुदृदीन,Others,N,3
समीद,Others,N,3
सरफराज,Others,N,3
सरफुद्दीन,Others,N,3
साहा,Others,N,3
सिंन्हा,Others,N,3
सिद्धकी,Others,N,3
सुलतान,Others,N,3
सोरेंस,Others,N,3
हसनैन,Others,N,3
हसीन,Others,N,3
हुदा,Others,N,3
अछालमगीर,Others,N,2
अब्दुल्लाह,Others,N,2
अरहाद,Others,N,2
अल्लाउद्ंदन,Others,N,2
असमान,Others,N,2
आंसरी,Others,N,2
आबेदीन,Others,N,2
आरीफ,Others,N,2
आशीन,Others,N,2
आसिक,Others,N,2
आसीक,Others,N,2
इदरिस,Others,N,2
इरफान,Others,N,2
इल्ताफ़,Others,N,2
इसदा,Others,N,2
इसराल,Others,N,2
इस्ताक,Others,N,2
इस्रायल,Others,N,2
उज़मा,Others,N,2
उद्घीन,Others,N,2
उद्दीन।,Others,N,2
उद्रीन,Others,N,2
उस्ताप,Others,N,2
उीन,Others,N,2
एखलाक,Others,N,2
एनुल,Others,N,2
एुसिंह,Others,N,2
ऐयूब,Others,N,2
कय्यूम,Others,N,2
कलम,Others,N,2
काजमी,Others,N,2
काश्यपेय,Others,N,2
किसकु,Others,N,2
कुमर्व,Others,N,2
कुर्बान,Others,N,2
कुशबाहा,Others,N,2
केश,Others,N,2
कोरैसी,Others,N,2
गफुफार,Others,N,2
गिनी,Others,N,2
गुलजार,Others,N,2
चक्रवती,Others,N,2
चुघ्री,Others,N,2
चौढान,Others,N,2
चौधोरी,Others,N,2
जमालउदीन,Others,N,2
जमीरुद्दीन,Others,N,2
जहांगीर,Others,N,2
जाबिर,Others,N,2
ज़ियाउल,Others,N,2
जुल्फकार,Others,N,2
ठकुर,Others,N,2
ठफरोस,Others,N,2
ठाकुर्र,Others,N,2
ठाकृर,Others,N,2
ठाकृूर,Others,N,2
ठाठेरा,Others,N,2
तवील,Others,N,2
तासिम,Others,N,2
तासिर,Others,N,2
तिया,Others,N,2
तौरिया,Others,N,2
दीक्षित,Others,N,2
दुबे,Others,N,2
देवत,Others,N,2
धाकुर,Others,N,2
धीरज,Others,N,2
नईमउदीन,Others,N,2
नवाब,Others,N,2
नसर,Others,N,2
नाजामउद्दीन,Others,N,2
निरज,Others,N,2
नोनियां,Others,N,2
नोमुन,Others,N,2
नौनियाँ,Others,N,2
पंब्दित,Others,N,2
पडित,Others,N,2
पण्ड़ीत,Others,N,2
पण्डे,Others,N,2
प्रशाद,Others,N,2
प्रसद,Others,N,2
प्रसाउ,Others,N,2
प्रसादउ,Others,N,2
बकु7स,Others,N,2
बरिछ,Others,N,2
बाबूल,Others,N,2
बिक्रम,Others,N,2
बिरहोरी,Others,N,2
बेलाल,Others,N,2
भुल्‍्ला,Others,N,2
मण्डल,Others,N,2
मनौवर,Others,N,2
मलि,Others,N,2
मल्लीक,Others,N,2
मस्ताना,Others,N,2
महतों,Others,N,2
महमुद,Others,N,2
माजिद,Others,N,2
माझञी,Others,N,2
माझो,Others,N,2
मिनहाज,Others,N,2
मिन्‍्हास,Others,N,2
मुन्ना,Others,N,2
मुल्ला,Others,N,2
मुशताक,Others,N,2
मुसताक,Others,N,2
मुस्तकिम,Others,N,2
मैराज,Others,N,2
मैराजउदीन,Others,N,2
मैहरा,Others,N,2
मोजमिन,Others,N,2
मौया,Others,N,2
यादब,Others,N,2
याह,Others,N,2
रफीव,Others,N,2
राजक,Others,N,2
राज्फ्वंशी,Others,N,2
रामलखन,Others,N,2
रावंशी,Others,N,2
रिजिवी,Others,N,2
रेजवी,Others,N,2
रेयाज,Others,N,2
रौफ,Others,N,2
लहाकर,Others,N,2
लोहाकी,Others,N,2
वरेठैथ,Others,N,2
वसीम,Others,N,2
वार्नवाल,Others,N,2
वासरी,Others,N,2
विरहौर,Others,N,2
विश्क्रमा,Others,N,2
विस्वकर्मा,Others,N,2
विहरी,Others,N,2
शमशुद्दीन,Others,N,2
शर्म,Others,N,2
शहनवाज,Others,N,2
शहादत,Others,N,2
शहीद,Others,N,2
शार्मा,Others,N,2
शाहनवाज,Others,N,2
शॉ,Others,N,2
सद्धाम,Others,N,2
सन्‍नार,Others,N,2
सब,Others,N,2
सर,Others,N,2
सरफुउद्दीन,Others,N,2
सहीम,Others,N,2
सहीमउदीन,Others,N,2
सिंहि,Others,N,2
सुधाकर,Others,N,2
सुधीर,Others,N,2
सूफियान,Others,N,2
स्किल,Others,N,2
हंशदा,Others,N,2
हदिस,Others,N,2
हरून,Others,N,2
हवारी,Others,N,2
हेब्रोम,Others,N,2
अकबाल,Others,N,1
अजय,Others,N,1
अनबर,Others,N,1
अनल,Others,N,1
अनिल,Others,N,1
अनिश,Others,N,1
अफसर,Others,N,1
अमर,Others,N,1
अमानुल्लाह,Others,N,1
अय्याज,Others,N,1
अरसाड,Others,N,1
अलमगीर,Others,N,1
अलौद्धीन,Others,N,1
अल्लम,Others,N,1
अल्लाउद्दिन,Others,N,1
अल्लाउद्दीन,Others,N,1
अल्लाह,Others,N,1
अल्‍्लाउद्दीन,Others,N,1
अश्फाक,Others,N,1
असारि,Others,N,1
अस्लम,Others,N,1
अहया,Others,N,1
अहिया,Others,N,1
आंसारी,Others,N,1
आझमी,Others,N,1
आमीर,Others,N,1
आरिफ़,Others,N,1
आलमगिर,Others,N,1
आसिन,Others,N,1
आसिफ,Others,N,1
इफतेखार,Others,N,1
इमतियाज,Others,N,1
इरशाद,Others,N,1
इरसाद,Others,N,1
इशरार,Others,N,1
इसराफील,Others,N,1
इसा,Others,N,1
इसूफ,Others,N,1
इस्तयाक,Others,N,1
इस्तेयाक,Others,N,1
इस्रयल,Others,N,1
उदिदन,Others,N,1
उद्धिन,Others,N,1
उरीन,Others,N,1
उल्‍्ला,Others,N,1
एजाज,Others,N,1
एजाज़,Others,N,1
एल्ताफ़,Others,N,1
ऐराकी,Others,N,1
औरंगज़ेब,Others,N,1
कमालउदीन,Others,N,1
कललु,Others,N,1
कलामुद्दीन,Others,N,1
कवीर,Others,N,1
काहौरासिया,Others,N,1
कु,Others,N,1
कुंजड़ा,Others,N,1
कुजज,Others,N,1
कुमारु,Others,N,1
कुयाम्र,Others,N,1
कुर,Others,N,1
केवार,Others,N,1
कैसरी,Others,N,1
कोयरी,Others,N,1
कौशर,Others,N,1
क्रादरी,Others,N,1
क्ुरेशी,Others,N,1
खीँ,Others,N,1
खुदाबश,Others,N,1
गयाश,Others,N,1
गाँधी,Others,N,1
चंदु,Others,N,1
चक्रवर्ती,Others,N,1
चन्द्रसाव,Others,N,1
चैरसिया,Others,N,1
चौरिसया,Others,N,1
छोटन,Others,N,1
जफीर,Others,N,1
जब्बर,Others,N,1
जसिमुद्दीन,Others,N,1
जहागिन,Others,N,1
जहागीर,Others,N,1
जावेद,Others,N,1
जुमन,Others,N,1
जौहरी,Others,N,1
ज्वार,Others,N,1
झु,Others,N,1
टुरिया,Others,N,1
टोला,Others,N,1
ठ,Others,N,1
ठतेरा,Others,N,1
ठु0कुमार,Others,N,1
ठुपासवाण,Others,N,1
ठुप्रसाद,Others,N,1
ततौ,Others,N,1
तुफानी,Others,N,1
तौसिफ़,Others,N,1
दपासवान,Others,N,1
दानिश,Others,N,1
दाश,Others,N,1
दीपक,Others,N,1
दुसाघ,Others,N,1
दूमहतो,Others,N,1
दोम,Others,N,1
नईमी,Others,N,1
नबाब,Others,N,1
नबीना,Others,N,1
नसरी,Others,N,1
नसिन,Others,N,1
नियार,Others,N,1
निषार,Others,N,1
नीलम,Others,N,1
नेहाल,Others,N,1
नौसाद,Others,N,1
पंकज,Others,N,1
पंडीज,Others,N,1
पटेल,Others,N,1
परत,Others,N,1
परमहस,Others,N,1
पसवान,Others,N,1
पांडये,Others,N,1
पाणडेय,Others,N,1
पॉँय,Others,N,1
प्रवीन,Others,N,1
प्रसादसिह,Others,N,1
प्रिय,Others,N,1
प्रेमी,Others,N,1
फकरूदीन,Others,N,1
फ़क्कदुदीन,Others,N,1
फार,Others,N,1
फिरोज,Others,N,1
फैकू,Others,N,1
फैजल,Others,N,1
फौलाद,Others,N,1
फ्रैयाज़,Others,N,1
बख्त,Others,N,1
बहादूर,Others,N,1
बाबु,Others,N,1
बिन्दु,Others,N,1
बिश्वकर्म,Others,N,1
बेगम,Others,N,1
भरद्वाज,Others,N,1
भारद्वाज,Others,N,1
भूल,Others,N,1
भूली,Others,N,1
भोखतार,Others,N,1
मंजर,Others,N,1
मंज्झी,Others,N,1
मंज्ञी,Others,N,1
मंथ,Others,N,1
मकसूद,Others,N,1
मजीव,Others,N,1
मणीर,Others,N,1
मन,Others,N,1
मलाकर,Others,N,1
मलिक्क,Others,N,1
महतौोक,Others,N,1
महमों,Others,N,1
महराम,Others,N,1
महल्‍्तो,Others,N,1
महातों,Others,N,1
महुड,Others,N,1
माँझ,Others,N,1
मांझी',Others,N,1
माजी,Others,N,1
माधवन,Others,N,1
माहृतो,Others,N,1
मिरयीँ,Others,N,1
मीनहाजुदीन,Others,N,1
मुख्तार,Others,N,1
मुतर्जा,Others,N,1
मुताज,Others,N,1
मुरमू,Others,N,1
मुराद,Others,N,1
मुरारी,Others,N,1
मुर्स0लम,Others,N,1
मुश्ताक,Others,N,1
मुस्तकीम,Others,N,1
मुस्तफ,Others,N,1
मोजासिम,Others,N,1
मोजाहीद,Others,N,1
मोझी,Others,N,1
मोफिया,Others,N,1
मोहमम्द,Others,N,1
मोहसिन,Others,N,1
मोहिब,Others,N,1
मौजिद,Others,N,1
यावद,Others,N,1
यावादा,Others,N,1
याहृव,Others,N,1
युसूफ़,Others,N,1
यूसुफ़,Others,N,1
रंजक,Others,N,1
रआजाद,Others,N,1
रइश,Others,N,1
रज़क,Others,N,1
रज़ाक्र,Others,N,1
रमणी,Others,N,1
रवदास,Others,N,1
रव्वानी,Others,N,1
राइ,Others,N,1
राजा,Others,N,1
राजाबंशी,Others,N,1
रामउ,Others,N,1
रामश,Others,N,1
राव,Others,N,1
राविंदस,Others,N,1
रिखियासन,Others,N,1
रिज़वाना,Others,N,1
रुलाम,Others,N,1
लहसन,Others,N,1
लालहलबाई,Others,N,1
लुकमान,Others,N,1
वर॑य,Others,N,1
वरैया,Others,N,1
विदास,Others,N,1
विवेक,Others,N,1
विशवकर्म,Others,N,1
शप58,Others,N,1
शम्स,Others,N,1
शसीम,Others,N,1
शुभम,Others,N,1
शॉ.,Others,N,1
श्राआ,Others,N,1
सउद,Others,N,1
सक्सेना,Others,N,1
सदीकी,Others,N,1
सफी,Others,N,1
सबिजफरोस,Others,N,1
सब्जिफरोस,Others,N,1
सब्बानी,Others,N,1
समशाद,Shamsad,M,1
सरफ़राज,Sarfaraz,M,1
सरवर,Others,N,1
सराफत,Others,N,1
सहिद',Others,N,1
साई,Others,N,1
साकिव,Others,N,1
साबीर,Others,N,1
सास,Others,N,1
सिद्धिकी,Others,N,1
सी,Others,N,1
सुजायत,Others,N,1
सुबहान,Others,N,1
सुभाष,Others,N,1
सुल्तान,Others,N,1
सूरखाब,Others,N,1
सेराज,Others,N,1
सोनकर,Others,N,1
सोनी,Others,N,1
सोहराब,Others,N,1
ह008त,Others,N,1
हदीश,Hadis,M,1
हदीस,Hadis,M,1
हनिफ,Hanif,M,1
हनीफ़,Hanif,M,1
हमद,Hamad,N,1
हलिम,Halmi,M,1
हाकिम,Hakmi,N,1
हुज्जमा,Huzzma,N,1
हेब्रम,Hembram,N,1
हेमब्रम,Hembram,N,1
हेम्द्रम,Hembram,N,1
हैम्प्रम,Hembram,N,1
